Symbol,train_rows,val_rows,test_rows,total_rows
a,3799,252,450,4501
aa,11352,252,450,12054
aaba,4712,252,450,5414
aal,267,252,450,969
aamc,497,252,442,1191
aame,2262,244,400,2906
aan,2479,252,450,3181
aaoi,319,252,450,1021
aaon,2479,252,450,3181
aap,2479,252,450,3181
aapl,7642,252,450,8344
aat,995,252,450,1697
aau,2455,252,450,3157
aav,2477,252,450,3179
aaww,2440,252,450,3142
aaxn,2479,252,450,3181
ab,2479,252,450,3181
abac,1117,244,446,1807
abax,2479,252,450,3181
abb,2479,252,450,3181
abbv,502,252,450,1204
abc,4969,252,450,5671
abcb,2479,252,450,3181
abcd,1248,252,450,1950
abco,2479,252,450,3181
abe,2477,252,441,3170
abev,1797,252,450,2499
abg,2479,252,450,3181
abio,2479,252,450,3181
abm,2479,252,450,3181
abmd,2477,252,450,3179
abr,2479,252,450,3181
abr_a,470,247,407,1124
abr_b,389,236,397,1022
abt,8004,252,450,8706
abus,1727,252,450,2429
abx,7533,252,450,8235
acad,2479,252,449,3180
acc,2479,252,450,3181
acco,2362,252,450,3064
acer,2403,252,450,3105
acet,2479,252,450,3181
acfc,835,247,450,1532
acgl,2479,252,450,3181
ach,2467,252,450,3169
achc,794,252,450,1496
achn,2058,252,450,2760
achv,2478,252,450,3180
aciw,2479,252,450,3181
acls,2479,252,450,3181
acm,1926,252,450,2628
acn,2479,252,450,3181
acnb,2140,237,448,2825
acor,2237,252,450,2939
acp,985,252,450,1687
acre,675,252,450,1377
acrx,952,252,450,1654
acst,497,252,441,1190
acta,2479,252,450,3181
actg,2479,252,450,3181
acu,2374,250,440,3064
acxm,2479,252,450,3181
acy,2380,243,396,3019
adbe,7154,252,450,7856
adc,2479,252,450,3181
adhd,407,252,450,1109
adi,7676,252,450,8378
adm,8004,252,450,8706
admp,4748,252,450,5450
adp,8002,252,450,8704
ads,2479,252,450,3181
adsk,7436,252,450,8138
adtn,2479,252,450,3181
adus,1300,252,450,2002
adx,2479,252,450,3181
adxs,2232,252,450,2934
adxsw,285,251,426,962
ae,2468,252,449,3169
aeb,1097,252,450,1799
aed,1097,252,450,1799
aee,4273,252,450,4975
aeg,2479,252,450,3181
aegn,799,252,450,1501
aeh,1097,252,450,1799
aehr,2402,249,448,3099
aeis,2479,252,450,3181
aek,728,252,450,1430
ael,2479,252,450,3181
aem,7636,252,450,8338
aeo,2479,252,450,3181
aep,11353,252,450,12055
aer,2041,252,450,2743
aeri,298,252,450,1000
aes,5924,252,450,6626
aet,9584,252,450,10286
aeti,2385,242,440,3067
aey,2426,249,449,3124
aezs,2479,252,450,3181
afam,2449,252,450,3151
afb,2479,252,450,3181
afc,1097,252,449,1798
afg,2479,252,450,3181
afh,470,252,450,1172
afl,7676,252,450,8378
afsd,568,252,450,1270
afsi,2045,252,450,2747
aft,962,252,450,1664
ag,2435,252,450,3137
agc,1915,252,450,2617
agco,2479,252,450,3181
agd,2124,252,450,2826
agen,2479,252,450,3181
agi,475,252,450,1177
agii,2479,252,450,3181
agiil,567,252,449,1268
agio,364,252,450,1066
agm,2479,252,450,3181
agm-a,881,112,233,1226
agn,5506,252,450,6208
agnc,1670,252,450,2372
ago,2479,252,450,3181
ago_b,1096,252,444,1792
ago_e,1097,252,450,1799
ago_f,1097,250,450,1797
agro,985,252,450,1687
agu,2479,252,450,3181
agx,2089,252,450,2791
agys,2479,252,450,3181
ahc,1742,252,450,2444
ahgp,2177,252,450,2879
ahh,417,252,450,1119
ahl,2479,252,450,3181
ahl_c,2286,252,450,2988
ahp,278,252,450,980
ahpi,2165,235,434,2834
aht,2479,252,450,3181
aht_d,1096,252,450,1798
ai,2479,252,450,3181
aif,467,252,450,1169
aig,7643,252,450,8345
aig-ws,985,252,450,1687
aimc,2024,252,450,2726
ain,2479,252,450,3181
ainv,2479,252,450,3181
air,2479,252,450,3181
airi,346,252,443,1041
airt,2432,239,366,3037
ait,2479,252,450,3181
aiv,5145,252,450,5847
aiw,349,241,323,913
aiy,383,252,450,1085
aiz,2479,252,450,3181
ajg,2479,252,450,3181
ajrd,2479,252,450,3181
akam,2479,252,450,3181
akg,2210,252,450,2912
ako-a,1056,208,375,1639
ako-b,1096,252,450,1798
akp,2479,252,450,3181
akr,2479,252,450,3181
akrx,2478,252,450,3180
aks,2479,252,450,3181
al,924,252,450,1626
alb,2479,252,450,3181
albo,1925,252,450,2627
alco,2479,252,449,3180
aldw,532,252,450,1234
ale,2479,252,450,3181
alex,2479,252,450,3181
alg,2477,252,450,3179
algn,2479,252,450,3181
algt,2029,252,450,2731
alim,1182,252,450,1884
alk,2479,252,450,3181
alks,2479,252,450,3181
all,5432,252,450,6134
all_a,803,252,450,1505
all_b,803,252,450,1505
all_c,313,252,450,1015
all_d,254,252,450,956
alle,271,252,450,973
allt,2040,252,450,2742
aln,1688,247,434,2369
alny,2479,252,450,3181
alo,791,252,450,1493
alog,2479,252,450,3181
alot,2291,225,410,2926
alsk,2479,252,450,3181
alsn,704,252,450,1406
alt,2286,252,450,2988
alv,2479,252,450,3181
alx,2478,252,450,3180
alxn,2479,252,450,3181
amag,2476,252,450,3178
amat,7642,252,450,8344
amba,559,252,450,1261
ambc,420,252,450,1122
ambcw,403,242,410,1055
amc,261,252,450,963
amcn,1799,252,450,2501
amcx,880,252,450,1582
amd,8015,252,450,8717
ame,2479,252,450,3181
amed,2479,252,450,3181
amg,2479,252,450,3181
amgn,7642,252,450,8344
amh,358,252,450,1060
amid,862,252,450,1564
amkr,2479,252,450,3181
amn,2479,252,450,3181
amnb,2415,252,450,3117
amot,2430,252,450,3132
amov,2469,252,449,3170
amp,2339,252,450,3041
ampe,910,252,450,1612
amrb,2375,243,435,3053
amrc,1120,252,450,1822
amrn,2474,252,450,3176
amrs,1070,252,450,1772
ams,2325,235,441,3001
amsc,2479,252,450,3181
amsf,2294,252,449,2995
amswa,2479,252,450,3181
amt,2479,252,450,3181
amtd,2479,252,450,3181
amtx,1487,252,450,2189
amwd,2479,252,450,3181
amx,2479,252,450,3181
amzn,4431,252,450,5133
an,5738,252,450,6440
anat,2475,252,450,3177
ancb,714,223,409,1346
ancx,2401,252,450,3103
ande,2479,252,450,3181
andv,2479,252,450,3181
andx,925,252,450,1627
anf,2479,252,450,3181
anfi,559,252,450,1261
angi,782,252,450,1484
ango,2479,252,450,3181
anh,2479,252,450,3181
anh_a,1027,239,406,1672
anh_b,857,165,339,1361
anik,2479,252,450,3181
anip,2479,252,450,3181
anss,2479,252,450,3181
anth,1220,252,450,1922
antm,5518,252,450,6220
anw,2029,252,450,2731
aobc,2479,252,450,3181
aod,1998,252,450,2700
aoi,2479,252,450,3181
aon,2479,252,450,3181
aos,2479,252,450,3181
aosl,1177,252,450,1879
aoxg,1808,252,431,2491
ap,2476,252,450,3178
apa,8321,252,450,9023
apam,460,252,450,1162
apb,2479,250,447,3176
apc,7133,252,450,7835
apd,8003,252,450,8705
apdn,2802,252,449,3503
apei,1798,252,450,2500
apen,550,252,450,1252
apf,2479,252,449,3180
aph,2479,252,450,3181
aphb,5015,252,450,5717
aplp,2066,252,450,2768
apo,942,252,450,1644
apog,2479,252,450,3181
apps,392,252,450,1094
apri,2480,252,450,3182
apt,2479,252,450,3181
apto,865,252,450,1567
apts,940,252,450,1642
apu,2479,252,450,3181
apwc,841,216,364,1421
ar,309,252,450,1011
aray,1989,252,450,2691
arc,2480,252,450,3182
arcb,2479,252,450,3181
arcc,2479,252,450,3181
arci,2327,244,441,3012
arco,932,252,450,1634
arcw,1972,252,449,2673
arcx,289,252,450,991
ardc,527,252,450,1229
are,2476,252,450,3178
arex,1799,252,450,2501
arh_c,687,252,450,1389
ari,1327,252,450,2029
arii,2253,252,450,2955
arkr,2398,244,423,3065
arl,2287,243,391,2921
arlp,2479,252,450,3181
arlz,2479,252,450,3181
armk,265,252,450,967
arna,2478,252,450,3180
arow,2479,252,450,3181
arql,2479,252,450,3181
arr,1680,252,450,2382
arr_a,642,249,447,1338
arr_b,475,252,450,1177
arrs,2479,252,450,3181
arry,2479,252,450,3181
artna,2475,252,450,3177
artw,2426,245,408,3079
artx,2475,252,450,3177
arw,2479,252,450,3181
arwr,763,252,449,1464
asa,2479,252,450,3181
asc,358,252,450,1060
ascma,1583,252,450,2285
asfi,2479,252,437,3168
asg,2479,252,450,3181
asgn,2479,252,450,3181
ash,8004,252,450,8706
asm,841,252,450,1543
asmb,1013,252,450,1715
asml,2479,252,450,3181
asna,2480,252,450,3182
asps,1360,252,450,2062
asr,2479,252,450,3181
asrv,2437,251,448,3136
asrvp,571,223,267,1061
astc,2478,252,450,3180
aste,2479,252,450,3181
asur,2442,234,419,3095
asx,2479,252,449,3180
asys,2477,252,450,3179
at,2336,252,450,3038
atai,1658,251,443,2352
atax,2460,252,450,3162
atec,2161,252,450,2863
atge,2479,252,450,3181
athm,266,252,450,968
athn,1834,252,450,2536
athx,1814,252,450,2516
ati,3796,252,450,4498
atlc,2450,242,390,3082
atlo,2367,252,449,3068
atni,2434,252,450,3136
ato,2479,252,450,3181
atos,538,252,450,1240
atr,2479,252,450,3181
atrc,2366,252,450,3068
atri,2374,251,449,3074
atro,7067,252,450,7769
atrs,2479,252,450,3181
atsg,2479,252,450,3181
attu,611,252,450,1313
atu,2479,252,450,3181
atv,1845,249,441,2535
atvi,2479,252,450,3181
au,4128,252,450,4830
aubn,1757,211,366,2334
audc,2479,252,450,3181
aumn,1393,252,450,2095
auo,2479,252,450,3181
auto,2477,252,450,3179
auy,2479,252,450,3181
ava,2479,252,450,3181
avav,2001,252,450,2703
avb,2475,252,450,3177
avd,2479,252,450,3181
avdl,2479,252,450,3181
aveo,1211,252,450,1913
avgo,1361,252,450,2063
avh,290,252,450,992
avhi,2479,252,450,3181
avid,2479,251,450,3180
avir,536,252,450,1238
avk,2479,252,450,3181
avnw,1996,252,450,2698
avp,8321,252,450,9023
avt,2479,252,450,3181
avx,2479,252,450,3181
avy,7643,252,450,8345
awf,2479,252,450,3181
awi,2069,252,450,2771
awk,1686,252,450,2388
awp,391,252,450,1093
awr,2479,252,450,3181
awre,2471,252,450,3173
awx,2252,241,391,2884
axas,2479,252,450,3181
axdx,2398,252,450,3100
axe,2479,252,450,3181
axgn,5294,252,450,5996
axl,2479,252,450,3181
axp,10834,252,450,11536
axr,2386,242,411,3039
axs,2479,252,450,3181
axs_d,405,252,450,1107
axti,2479,252,450,3181
axu,2186,252,450,2888
ayi,2479,252,450,3181
ayr,2115,252,450,2817
azn,2479,252,450,3181
azo,5984,252,450,6686
azpn,2479,252,450,3181
azz,2474,252,450,3176
b,2479,252,450,3181
ba,11352,252,450,12054
baa,2428,252,450,3130
baby,2479,252,450,3181
bac,7207,252,450,7909
bac_d,1097,252,450,1799
bac_e,1097,252,450,1799
bac_i,1097,252,450,1799
bac_l,1097,252,450,1799
baf,2479,252,450,3181
bah,1034,252,450,1736
bak,2479,252,450,3181
bam,2479,252,450,3181
banc,816,252,450,1518
banf,2479,252,450,3181
banfp,493,144,229,866
banr,882,252,450,1584
banx,289,252,450,991
bap,2478,252,450,3180
bas,2280,252,450,2982
basi,2265,230,429,2924
bax,8321,252,450,9023
bb,3993,252,450,4695
bbby,5684,252,450,6386
bbd,2479,252,450,3181
bbdo,483,242,404,1129
bbf,2475,252,450,3177
bbg,2479,252,450,3181
bbgi,2414,212,426,3052
bbk,2479,252,450,3181
bbl,2479,252,450,3181
bbn,1091,252,450,1793
bbox,2479,252,450,3181
bbrg,1053,252,450,1755
bbsi,2479,252,450,3181
bbt,6239,252,450,6941
bbt_d,669,252,450,1371
bbt_e,608,252,450,1310
bbt_f,545,252,450,1247
bbt_g,420,252,450,1122
bbva,2479,252,450,3181
bbw,2479,252,450,3181
bby,7489,252,450,8191
bc,8320,252,450,9022
bcbp,2072,232,449,2753
bcc,480,252,450,1182
bce,2479,252,450,3181
bcei,763,252,450,1465
bch,2474,252,450,3176
bco,2479,252,450,3181
bcom,1513,172,348,2033
bcor,2479,252,450,3181
bcov,722,252,450,1424
bcpc,2479,252,450,3181
bcr,8002,252,450,8704
bcrh,290,252,450,992
bcrx,2479,252,450,3181
bcs,2479,252,450,3181
bcs_d,1097,252,450,1799
bcv,2479,252,450,3181
bcx,942,252,450,1644
bdc,2479,252,450,3181
bdge,2319,252,449,3020
bdj,2353,252,450,3055
bdl,1759,248,328,2335
bdn,2479,252,450,3181
bdr,2161,251,420,2832
bdsi,2475,252,450,3177
bdx,8003,252,450,8705
beat,1710,252,450,2412
bebe,2479,252,449,3180
becn,2479,252,450,3181
bel,2479,252,450,3181
belfa,2095,201,326,2622
belfb,2479,252,450,3181
ben,7635,252,450,8337
bep,394,252,450,1096
bery,563,252,450,1265
bf-a,1095,252,450,1797
bf-b,1097,252,450,1799
bfam,488,252,450,1190
bfin,2397,252,450,3099
bfk,2479,252,450,3181
bfo,2460,251,438,3149
bfr,2479,252,450,3181
bfs,2479,252,450,3181
bfs_c,469,242,432,1143
bfy,2475,252,450,3177
bfz,2479,252,450,3181
bg,2479,252,450,3181
bgb,569,252,450,1271
bgc,2479,252,450,3181
bgca,628,252,450,1330
bgcp,2479,252,450,3181
bgfv,2479,252,450,3181
bgg,2479,252,450,3181
bgh,547,252,450,1249
bgi,1759,212,409,2380
bgr,2479,252,450,3181
bgs,1916,252,450,2618
bgt,2479,252,450,3181
bgx,985,252,450,1687
bgy,1915,252,450,2617
bh,2479,252,450,3181
bhb,2341,252,450,3043
bhe,2479,252,450,3181
bhk,2479,252,450,3181
bhlb,2479,252,450,3181
bhp,2479,252,450,3181
bhv,2112,237,396,2745
bid,2479,252,450,3181
bidu,2368,252,450,3070
bif,2478,252,450,3180
big,2479,252,450,3181
biib,5864,252,450,6566
bio,2479,252,450,3181
bioa,415,252,449,1116
biol,2479,252,450,3181
bios,2479,252,450,3181
bip,1756,252,450,2458
bit,467,252,450,1169
bita,1034,252,450,1736
bjri,2479,252,450,3181
bjz,2466,250,439,3155
bk,7643,252,450,8345
bk_c,572,252,450,1274
bkcc,1893,252,450,2595
bkd,2292,252,450,2994
bke,2479,252,450,3181
bkep,910,252,450,1612
bkepp,644,222,439,1305
bkh,2479,252,450,3181
bkj,1285,238,412,1935
bkk,2479,252,450,3181
bkmu,2479,252,450,3181
bkn,2479,252,450,3181
bks,2479,252,450,3181
bksc,2047,238,406,2691
bkt,2479,252,450,3181
bku,985,252,450,1687
bldp,2479,252,450,3181
bldr,2399,252,450,3101
ble,2479,252,450,3181
blh,2431,251,409,3091
blin,1798,248,443,2489
blj,2426,252,450,3128
blk,2479,252,450,3181
blkb,2479,252,450,3181
bll,7641,252,450,8343
blmn,603,252,450,1305
blmt,812,251,450,1513
blrx,809,252,450,1511
blue,388,252,450,1090
blw,2479,252,450,3181
blx,2479,252,450,3181
bma,2209,252,450,2911
bmch,352,252,450,1054
bme,2459,252,450,3161
bmi,2479,252,450,3181
bml_g,1094,249,449,1792
bml_h,1097,252,449,1798
bml_i,1097,252,450,1799
bml_j,1097,252,450,1799
bml_l,1097,252,450,1799
bmo,2479,252,450,3181
bmrc,2431,252,450,3133
bmrn,2478,251,450,3179
bms,7624,252,450,8326
bmtc,2464,252,450,3166
bmy,9585,252,450,10287
bncl,1880,252,450,2582
bnft,325,252,450,1027
bnj,2477,252,450,3179
bns,2479,252,450,3181
bnso,2064,224,441,2729
bny,2479,252,450,3181
bobe,2479,252,450,3181
boch,2164,251,450,2865
boe,2416,252,450,3118
bofi,2435,252,450,3137
boh,2479,252,450,3181
bokf,2479,252,450,3181
bont,2479,252,448,3179
boom,2479,252,450,3181
born,1147,252,450,1849
bosc,2138,242,445,2825
botj,558,191,367,1116
bp,2479,252,450,3181
bpfh,2479,252,450,3181
bpfhp,414,228,373,1015
bpfhw,448,78,124,650
bpi,1440,252,450,2142
bpk,2479,252,450,3181
bpl,2479,252,450,3181
bpop,2479,252,450,3181
bpopm,895,204,414,1513
bpopn,1059,244,443,1746
bpt,2479,252,450,3181
bpth,1404,252,450,2106
bpy,432,252,450,1134
bqh,2427,252,447,3126
br,1959,252,450,2661
brc,2479,252,450,3181
brcd,2479,252,450,3181
brew,2475,252,450,3177
brfs,2476,252,450,3178
brid,1814,157,332,2303
brk-a,8350,252,450,9052
brk-b,4693,252,450,5395
brkl,2479,252,450,3181
brkr,2479,252,450,3181
brks,2479,252,450,3181
brn,2353,227,402,2982
bro,2479,252,450,3181
brs,2479,252,450,3181
brss,406,252,450,1108
brt,2459,248,438,3145
brx,295,252,450,997
bsac,2479,252,450,3181
bsbr,1318,252,450,2020
bsd,2479,252,450,3181
bse,2477,252,450,3179
bset,2479,252,450,3181
bsf,897,251,450,1598
bsft,1145,252,450,1847
bsl,1159,252,450,1861
bsmx,569,252,450,1271
bspm,1387,252,447,2086
bsqr,2457,252,450,3159
bsrr,2477,252,450,3179
bstc,2200,252,450,2902
bsx,5696,252,450,6398
bt,2479,252,450,3181
bta,2229,252,450,2931
bte,2476,252,450,3178
btg,397,252,450,1099
bti,2479,252,450,3181
btn,2464,252,449,3165
bto,2479,252,450,3181
btt,588,252,450,1290
btx,2428,252,450,3130
btz,2019,252,450,2721
bud,1385,252,450,2087
bui,778,252,450,1480
bur,622,228,406,1256
burl,315,252,450,1017
buse,2478,252,450,3180
bv,718,252,450,1420
bvn,2479,252,450,3181
bvsn,2448,250,421,3119
bvx,2473,252,450,3175
bwa,2479,252,450,3181
bwen,2297,252,450,2999
bwg,695,252,450,1397
bwina,1096,149,280,1525
bwinb,2479,252,450,3181
bwl-a,593,176,291,1060
bwld,2479,252,450,3181
bwp,2301,252,450,3003
bx,1896,252,450,2598
bxc,2479,252,448,3179
bxe,571,252,450,1273
bxmt,2477,252,450,3179
bxmx,2479,252,450,3181
bxp,2476,252,450,3178
bxp_b,445,252,445,1142
bxs,2479,252,450,3181
bybk,1378,239,409,2026
byd,2479,252,450,3181
byfc,1425,215,418,2058
bym,2479,252,450,3181
bzh,2479,252,450,3181
bzm,2237,223,396,2856
c,11352,252,450,12054
c_c,445,252,450,1147
c_j,317,252,450,1019
c_k,290,252,450,992
c_n,1064,252,450,1766
c_p,1057,247,447,1751
ca,7644,252,450,8346
caa,2479,252,450,3181
caas,2478,252,449,3179
cac,2479,252,450,3181
cacc,2466,252,450,3168
caci,2479,252,450,3181
cadc,1439,203,393,2035
cae,2479,252,450,3181
caf,2079,252,450,2781
cag,7640,252,450,8342
cah,6797,252,450,7499
cai,1921,252,450,2623
caj,2479,252,450,3181
cake,2479,252,450,3181
cal,2479,252,450,3181
cald,2478,252,450,3180
cali,1540,248,442,2230
call,2418,252,450,3120
calm,2479,252,450,3181
calx,1203,252,450,1905
camp,2479,252,450,3181
camt,2452,252,450,3154
canf,279,252,450,981
capl,548,252,450,1250
capr,1505,252,450,2207
car,2479,252,450,3181
carb,851,252,450,1553
cart,1575,201,323,2099
carv,515,224,317,1056
casc,2479,252,450,3181
cash,2227,252,450,2929
casi,2478,252,450,3180
casm,2353,252,450,3055
cass,2410,252,450,3112
casy,2479,252,450,3181
cat,11353,252,450,12055
catm,1777,252,450,2479
cato,2479,252,450,3181
cats,385,250,450,1085
caty,2479,252,450,3181
cavm,1932,252,450,2634
caw,2432,251,445,3128
cb,5479,252,450,6181
cba,383,252,450,1085
cbak,2409,252,449,3110
cban,2101,221,383,2705
cbb,2479,252,450,3181
cbb_b,1092,248,447,1787
cbd,2479,252,450,3181
cbf,573,252,450,1275
cbg,2479,252,450,3181
cbi,2479,252,450,3181
cbio,2194,252,450,2896
cbk,2479,252,450,3181
cbl,2479,252,450,3181
cbl_d,1096,252,450,1798
cbl_e,561,252,449,1262
cbli,2126,252,450,2828
cbm,2479,252,450,3181
cbmg,1546,252,450,2248
cbmx,2442,252,450,3144
cboe,1146,252,450,1848
cbpo,1681,252,450,2383
cbrl,2479,252,450,3181
cbs,2479,252,450,3181
cbs-a,1095,249,434,1778
cbsh,2479,252,450,3181
cbt,2479,252,450,3181
cbu,2479,252,450,3181
cbz,2479,252,450,3181
cca,2461,252,448,3161
ccbg,2479,252,450,3181
ccc,2479,252,450,3181
cccl,1483,248,450,2181
cce,7083,252,450,7785
ccf,2383,252,450,3085
cci,2479,252,450,3181
ccih,1066,252,450,1768
ccj,2478,252,450,3180
cck,2479,252,450,3181
ccl,6549,252,450,7251
cclp,891,252,450,1593
ccm,1270,252,449,1971
ccmp,2479,252,450,3181
ccne,2330,252,450,3032
cco,2299,252,450,3001
ccoi,2479,252,450,3181
ccrn,2479,252,450,3181
ccu,2479,252,450,3181
ccur,2471,252,450,3173
ccv,519,252,449,1220
ccxi,727,252,450,1429
ccz,378,89,133,600
cde,2479,252,450,3181
cdns,2479,252,450,3181
cdor,2455,238,421,3114
cdr,2479,252,450,3181
cdr_b,655,249,434,1338
cdti,2301,252,449,3002
cdw,382,252,450,1084
cdxc,1179,252,450,1881
cdxs,1183,252,450,1885
cdzi,2429,252,450,3131
ce,2479,252,450,3181
cea,2360,252,450,3062
cece,2479,252,450,3181
ceco,4224,252,450,4926
cee,2479,252,448,3179
cef,2479,252,450,3181
cei,2133,252,450,2835
cel,1991,252,449,2692
celg,2479,252,450,3181
celgz,1024,248,414,1686
cem,1138,252,450,1840
cemb,625,250,449,1324
cemi,2029,250,448,2727
cen,319,252,450,1021
cent,2479,252,450,3181
centa,1991,252,450,2693
cenx,2479,252,450,3181
ceo,2478,252,450,3180
ceqp,2479,252,450,3181
cern,2479,252,450,3181
cers,2479,252,450,3181
cet,2478,252,449,3179
cetv,2479,252,450,3181
cev,2479,252,450,3181
ceva,2479,252,450,3181
cf,2364,252,450,3066
cfbk,2120,228,420,2768
cfc_b,1097,252,450,1799
cffi,2110,241,448,2799
cffn,2480,252,450,3182
cfnb,2110,172,425,2707
cfr,2479,252,450,3181
cfr_a,470,252,450,1172
cfx,1675,252,450,2377
cg,670,252,450,1372
cga,1627,252,450,2329
cgen,2478,252,450,3180
cgg,2475,252,444,3171
cgi,2479,252,450,3181
cgix,438,252,450,1140
cgnt,2446,252,449,3147
cgnx,2479,252,450,3181
cgo,2310,252,450,3012
ch,2479,252,450,3181
cha,2474,252,450,3176
chci,2472,251,428,3151
chco,2479,252,450,3181
chd,2479,252,450,3181
chdn,2479,252,450,3181
che,2479,252,450,3181
chef,861,252,450,1563
chfc,2479,252,450,3181
chfn,2241,252,450,2943
chfs,688,252,450,1390
chgg,285,252,450,987
chh,2479,252,450,3181
chi,2479,252,450,3181
chk,2479,252,450,3181
chk_d,1097,252,450,1799
chke,2479,252,450,3181
chkp,4654,252,450,5356
chkr,786,252,450,1488
chl,2479,252,450,3181
chmg,510,230,447,1187
chmi,313,252,450,1015
chn,2479,252,450,3181
chnr,2404,246,430,3080
chrw,4326,252,450,5028
chs,2479,252,450,3181
chsco,316,252,450,1018
chscp,1097,252,449,1798
chsp,1245,252,450,1947
cht,2480,252,450,3182
chtr,1254,252,450,1956
chu,2475,252,450,3177
chuy,614,252,450,1316
chw,1893,252,450,2595
chy,2479,252,450,3181
ci,8259,252,450,8961
cia,2479,252,450,3181
cib,2479,252,450,3181
cidm,2477,252,450,3179
cie,1269,252,450,1971
cien,4503,252,450,5205
cif,2479,252,450,3181
cig,2479,252,450,3181
cig-c,869,195,318,1382
cii,2479,252,450,3181
cik,2479,252,450,3181
cim,1793,252,450,2495
cinf,6240,252,450,6942
cir,2479,252,450,3181
cit,1272,252,450,1974
civb,2266,245,447,2958
cix,2398,227,428,3053
cizn,1725,209,331,2265
cjjd,1224,252,450,1926
ckh,2479,252,450,3181
ckx,1599,206,226,2031
cl,9583,252,450,10285
clar,2433,252,450,3135
clb,2479,252,450,3181
clbs,2311,252,450,3013
clct,2478,252,450,3180
cld,1286,252,450,1988
cldt,1187,252,450,1889
cldx,2479,252,450,3181
clf,2479,252,450,3181
clfd,2459,252,450,3161
clgx,2479,252,450,3181
clh,2479,252,450,3181
cli,2479,252,450,3181
clir,676,252,450,1378
clm,2479,252,450,3181
clmt,2249,252,450,2951
clne,1915,252,450,2617
clnt,891,249,450,1590
clr,1923,252,450,2625
clrb,1321,248,450,2019
clro,2403,252,438,3093
cls,2479,252,450,3181
clsn,2479,252,450,3181
club,2161,252,450,2863
clvs,783,252,450,1485
clw,1527,252,450,2229
clwt,2312,201,357,2870
clx,8014,252,450,8716
cm,2479,252,450,3181
cma,6241,252,450,6943
cma-ws,1090,238,392,1720
cmc,2479,252,450,3181
cmco,2479,252,450,3181
cmcsa,6674,252,450,7376
cmct,2478,227,422,3127
cmd,2479,252,450,3181
cme,2479,252,450,3181
cmg,2249,252,450,2951
cmi,7563,252,450,8265
cmls,2478,252,450,3180
cmo,2479,252,450,3181
cmo_e,410,252,450,1112
cmp,2479,252,450,3181
cmpr,2329,252,450,3031
cmre,1043,252,450,1745
cmrx,436,252,450,1138
cms,7558,252,450,8260
cms_b,850,183,340,1373
cmt,2461,252,450,3163
cmtl,2479,252,450,3181
cmu,2479,252,450,3181
cna,2479,252,450,3181
cnat,363,252,450,1065
cnbka,2357,249,449,3055
cnc,2479,252,450,3181
cnet,1373,252,449,2074
cnhi,317,252,450,1019
cni,2479,252,450,3181
cnit,2005,252,450,2707
cnk,1938,252,450,2640
cnmd,2479,252,450,3181
cno,2479,252,450,3181
cnob,2472,252,450,3174
cnp,11350,252,450,12052
cnq,2479,252,450,3181
cns,2479,252,450,3181
cnsl,2378,252,450,3080
cntf,2431,252,449,3132
cnty,2479,252,450,3181
cnx,2479,252,450,3181
cnxn,2479,252,450,3181
co,1533,252,450,2235
cobz,2479,252,450,3181
codi,2176,252,450,2878
cof,5062,252,450,5764
cof-ws,1095,245,431,1771
cof_p,592,252,450,1294
cog,2479,252,450,3181
cogt,1579,252,450,2281
cohn,2475,250,432,3157
cohr,2479,252,450,3181
cohu,2479,252,450,3181
coke,2479,252,450,3181
col,3393,252,450,4095
colb,2479,252,450,3181
colm,2479,252,450,3181
comm,298,252,450,1000
cone,492,252,450,1194
conn,2479,252,450,3181
coo,2479,252,450,3181
cool,2479,251,449,3179
cop,8319,252,450,9021
cor,1073,252,450,1775
cor_a,499,220,394,1113
core,2360,252,450,3062
corr,1992,252,449,2693
cort,2476,252,450,3178
cost,7181,252,450,7883
cot,2479,252,450,3181
coty,392,252,450,1094
cown,2133,252,450,2835
cp,2479,252,450,3181
cpa,2276,252,450,2978
cpac,719,251,437,1407
cpah,597,243,394,1234
cpb,7437,252,450,8139
cpe,2479,252,450,3181
cpe_a,400,252,449,1101
cpf,2479,252,450,3181
cpg,2110,252,450,2812
cphc,2203,224,371,2798
cphi,2241,250,448,2939
cpix,1357,252,444,2053
cpk,2479,252,450,3181
cpl,2479,252,450,3181
cpla,2048,252,450,2750
cplp,1954,252,450,2656
cpn,1756,252,450,2458
cprt,2479,252,450,3181
cprx,2023,252,450,2725
cps,300,252,450,1002
cpsi,2479,252,450,3181
cpss,2477,252,450,3179
cpst,2479,252,450,3181
cpt,2479,252,450,3181
cpta,320,252,450,1022
cqh,264,252,450,966
cqp,1961,252,450,2663
cr,7601,252,450,8303
crai,2479,252,450,3181
cray,2479,252,450,3181
crd-a,1096,251,450,1797
crd-b,1097,252,450,1799
cree,2479,252,450,3181
creg,2207,252,450,2909
cresy,2479,252,450,3181
crf,2479,252,450,3181
crh,2479,252,450,3181
cri,2479,252,450,3181
cris,2479,252,450,3181
crk,2479,252,450,3181
crl,2479,252,450,3181
crm,2479,252,450,3181
crmd,1123,252,450,1825
crme,2478,252,450,3180
crmt,2479,252,450,3181
crnt,2479,252,450,3181
crox,2240,252,450,2942
crr,2479,252,450,3181
crs,2479,252,450,3181
crt,2478,252,450,3180
crtn,2318,237,435,2990
crto,295,252,450,997
crus,2479,252,450,3181
crvl,2479,252,450,3181
crvp,2392,248,428,3068
crws,2169,252,449,2870
cry,2479,252,450,3181
crzo,2479,252,450,3181
cs,2479,252,450,3181
csbk,2479,252,450,3181
csco,6242,252,450,6944
csfl,2454,252,450,3156
csgp,2479,252,450,3181
csgs,2479,252,450,3181
csii,2143,252,449,2844
csiq,2049,252,450,2751
csl,2479,252,450,3181
csod,949,252,450,1651
cspi,2338,248,449,3035
csq,2479,252,450,3181
css,2479,252,450,3181
cste,699,252,450,1401
cstm,406,252,450,1108
csu,2479,252,450,3181
csv,2478,252,450,3180
cswc,2476,252,450,3178
csx,8613,252,450,9315
ctas,6240,252,450,6942
ctb,6843,252,450,7545
ctbi,2479,252,450,3181
ctg,2478,252,450,3180
cthr,2477,252,450,3179
ctib,2240,216,313,2769
ctic,893,252,450,1595
ctl,6843,252,450,7545
cto,2479,252,450,3181
ctr,632,252,450,1334
ctrl,357,252,450,1059
ctrn,2423,252,450,3125
ctrp,2479,252,450,3181
cts,2479,252,450,3181
ctsh,2479,252,450,3181
ctso,1495,252,450,2197
ctt,265,252,450,967
ctu,633,252,450,1335
ctw,823,252,450,1525
ctws,2479,252,450,3181
ctx,691,252,450,1393
ctxs,4794,252,450,5496
cty,405,252,450,1107
cub,2479,252,450,3181
cuba,2431,252,450,3133
cube,826,252,450,1528
cubi,410,252,450,1112
cubs,305,232,410,947
cuda,290,252,450,992
cui,2188,252,450,2890
cuk,2479,252,450,3181
culp,2462,252,450,3164
cunb,543,252,435,1230
cuo,1169,217,373,1759
cur,2020,252,450,2722
cutr,2479,252,450,3181
cuz,2479,252,450,3181
cva,2479,252,450,3181
cvbf,2479,252,450,3181
cvco,2479,252,450,3181
cvcy,1999,242,449,2690
cve,1282,252,450,1984
cvg,4118,252,450,4820
cvgi,2479,252,450,3181
cvgw,2475,252,450,3177
cvi,1811,252,450,2513
cvlt,2083,252,450,2785
cvly,2029,221,450,2700
cvm,2479,252,450,3181
cvo,2479,252,450,3181
cvr,1923,245,357,2525
cvrr,493,252,450,1195
cvs,7570,252,450,8272
cvti,2476,252,450,3178
cvu,2459,251,448,3158
cvv,2372,252,450,3074
cvx,11351,252,450,12053
cw,2479,252,450,3181
cwbc,1859,205,408,2472
cwco,2479,252,450,3181
cwst,2479,252,450,3181
cwt,2479,252,450,3181
cx,378,252,450,1080
cxdc,1482,252,449,2183
cxe,2479,252,450,3181
cxh,2478,252,450,3180
cxo,1867,252,450,2569
cxp,309,252,450,1011
cxse,539,204,318,1061
cxw,2479,252,450,3181
cy,2479,252,450,3181
cyan,2457,245,417,3119
cybe,2465,251,450,3166
cycc,2463,252,450,3165
cyd,2479,252,450,3181
cyh,2479,252,450,3181
cyou,1448,252,450,2150
cyrn,2475,252,449,3176
cyrx,1928,241,450,2619
cys,1399,252,450,2101
cys_a,602,249,445,1296
cys_b,421,252,450,1123
cytk,2479,252,450,3181
cytr,2479,252,450,3181
cytx,2430,252,450,3132
czfc,1340,171,322,1833
cznc,2451,252,449,3152
czr,727,252,450,1429
czwi,1881,210,423,2514
czz,1858,252,450,2560
d,7625,252,450,8327
dac,2073,252,450,2775
daio,2407,242,439,3088
dakt,2479,252,450,3181
dal,8826,252,450,9528
dan,1742,252,450,2444
dar,2479,252,450,3181
data,378,252,450,1080
dave,2479,252,450,3181
db,2479,252,450,3181
dbd,2479,252,450,3181
dbl,735,252,450,1437
dci,2479,252,450,3181
dcix,992,252,450,1694
dcm,2479,252,450,3181
dco,2479,252,450,3181
dcom,2479,252,450,3181
dcp,2285,252,450,2987
dct,2026,252,450,2728
dd_a,910,192,315,1417
dd_b,1024,226,374,1624
ddc,2479,252,443,3174
ddd,905,252,450,1607
dde,2479,252,449,3180
ddf,2479,252,450,3181
ddr,2479,252,450,3181
ddr_j,605,251,438,1294
ddr_k,436,251,437,1124
dds,6425,252,450,7127
ddt,1096,252,450,1798
de,8316,252,450,9018
deck,2479,252,450,3181
dei,2061,252,450,2763
del,2479,252,450,3181
denn,2479,252,450,3181
deo,2479,252,450,3181
depo,2479,252,450,3181
dest,2476,252,450,3178
dex,1893,252,450,2595
df,2479,252,450,3181
dfbg,2479,252,446,3177
dfp,405,252,450,1107
dfrg,611,252,450,1313
dfs,1901,252,450,2603
dfs_b,553,252,442,1247
dg,1291,252,450,1993
dgica,2479,252,450,3181
dgii,2479,252,450,3181
dgly,2170,252,450,2872
dgse,516,245,435,1196
dgx,4530,252,450,5232
dhf,2479,252,450,3181
dhg,2040,252,450,2742
dhi,2479,252,450,3181
dhil,2422,248,450,3120
dhr,6840,252,450,7542
dht,2320,252,450,3022
dhx,1879,252,450,2581
dhy,2479,252,450,3181
din,2479,252,450,3181
diod,2479,252,450,3181
dis,11350,252,450,12052
disca,2389,252,450,3091
discb,1198,92,119,1409
disck,1582,252,450,2284
dish,4915,252,450,5617
dit,2017,227,323,2567
djco,1380,231,413,2024
dk,2181,252,450,2883
dkl,544,252,450,1246
dks,2479,252,450,3181
dkt,1097,252,450,1799
dl,1574,252,450,2276
dla,2452,251,450,3153
dlb,2479,252,450,3181
dlbs,1101,247,428,1776
dlhc,2233,238,444,2915
dlng,285,252,450,987
dlph,782,252,450,1484
dlr,2479,252,450,3181
dlr_g,437,252,450,1139
dltr,4987,252,450,5689
dlx,6918,252,450,7620
dmb,425,252,450,1127
dmf,2479,252,450,3181
dmlp,2479,252,450,3181
dmo,1223,252,450,1925
dmrc,1561,252,450,2263
dnb,2479,252,450,3181
dnbf,1573,208,378,2159
dni,2480,252,450,3182
dnkn,862,252,450,1564
dnn,2469,252,450,3171
dnp,2479,252,450,3181
dnr,2479,252,450,3181
do,2479,252,450,3181
doc,367,252,450,1069
door,332,252,450,1034
dorm,2456,252,450,3158
dov,7438,252,450,8140
dox,2479,252,450,3181
dpg,862,252,450,1564
dps,1682,252,450,2384
dpw,2295,244,426,2965
dpz,2479,252,450,3181
dq,1063,252,450,1765
drad,2474,252,450,3176
drd,754,252,450,1456
dre,2479,252,450,3181
drh,2414,252,450,3116
dri,4939,252,450,5641
drio,438,252,450,1140
drq,2479,252,450,3181
drrx,2479,252,450,3181
drys,2479,252,449,3180
dsgx,2469,252,450,3171
dsl,425,252,450,1127
dsm,2479,252,450,3181
dspg,2479,252,450,3181
dss,875,252,450,1577
dst,2479,252,450,3181
dsu,2479,252,450,3181
dsw,2394,252,450,3096
dswl,2476,252,448,3176
dsx,2465,252,450,3167
dte,11353,252,450,12055
dtf,2472,252,450,3174
dtk,1097,252,450,1799
dtq,564,252,450,1266
dtrm,2298,228,443,2969
dtus,889,194,328,1411
dtys,1104,252,450,1806
duc,2479,252,450,3181
duk,8004,252,450,8706
dukh,494,252,450,1196
dva,2479,252,450,3181
dvax,2478,252,449,3179
dvcr,2412,249,409,3070
dvd,2454,249,442,3145
dvn,5736,252,450,6438
dwaq,2276,249,407,2932
dwas,612,252,450,1314
dwch,2405,252,450,3107
dwdp,9571,252,450,10273
dwpp,444,216,260,920
dwsn,2478,252,450,3180
dx,2478,252,450,3180
dx_a,596,239,423,1258
dx_b,427,245,446,1118
dxb,1097,252,450,1799
dxcm,2447,252,449,3148
dxlg,2479,252,450,3181
dxpe,2478,252,450,3180
dxr,2189,248,322,2759
dxtr,2243,252,450,2945
dxyn,2454,252,450,3156
dy,2479,252,450,3181
dyn,5228,252,450,5930
dynt,2404,228,380,3012
dysl,1964,249,444,2657
dzsi,2479,252,450,3181
e,2479,252,450,3181
ea,761,252,450,1463
eab,513,252,449,1214
ead,2479,252,450,3181
eae,397,252,448,1097
earn,422,252,450,1124
eat,2479,252,450,3181
ebay,4092,252,450,4794
ebf,2479,252,450,3181
ebix,2432,252,450,3134
ebmt,1278,231,416,1925
ebs,2045,252,450,2747
ebsb,1748,252,450,2450
ebtc,2177,252,450,2879
ec,1582,252,450,2284
eca,2479,252,450,3181
ecf,2479,252,450,3181
echo,1321,252,450,2023
ecl,6802,252,450,7504
ecol,2479,252,450,3181
ecom,406,252,450,1108
ecpg,2479,252,450,3181
ect,1134,252,450,1836
ecyt,980,252,450,1682
ed,11353,252,450,12055
edap,2466,252,450,3168
edd,1938,252,450,2640
edf,1009,252,450,1711
edgw,2446,251,443,3140
edi,547,252,450,1249
edn,1867,252,450,2569
edr,2479,252,450,3181
edu,2094,252,450,2796
educ,2208,245,448,2901
ee,2479,252,450,3181
eea,2477,252,450,3179
eeft,2479,252,450,3181
eei,2389,249,431,3069
eep,2479,252,450,3181
eeq,2479,252,450,3181
efc,1062,252,450,1764
eff,383,252,450,1085
efii,2479,252,450,3181
efnl,605,251,450,1306
efoi,1590,252,450,2292
efr,2479,252,450,3181
efsc,2475,252,449,3176
eft,2479,252,450,3181
efx,6844,252,450,7546
egan,807,252,449,1508
egbn,2409,252,450,3111
egf,2310,252,450,3012
eght,2479,252,450,3181
egi,2444,251,450,3145
egl,616,252,450,1318
egle,2398,252,450,3100
egn,2479,252,450,3181
ego,2479,252,450,3181
egov,2479,252,450,3181
egp,2479,252,450,3181
egy,2479,252,450,3181
ehi,2479,252,450,3181
ehth,2068,252,450,2770
eia,2467,252,450,3169
eig,1995,252,450,2697
eigi,298,252,450,1000
eim,1097,252,450,1799
eio,2383,242,425,3050
eip,2395,250,441,3086
eiv,2479,252,450,3181
eix,8822,252,450,9524
el,2479,252,450,3181
elgx,2479,252,450,3181
elj,626,252,450,1328
elli,932,252,450,1634
ello,596,170,274,1040
elmd,1013,252,450,1715
elon,2479,252,448,3179
elp,2479,252,450,3181
els,2479,252,450,3181
else,2013,186,353,2552
eltk,2331,241,420,2992
elu,406,252,450,1108
ely,2479,252,450,3181
eman,2473,252,450,3175
emcf,1155,175,286,1616
emci,2479,252,450,3181
emd,2479,252,450,3181
eme,2479,252,450,3181
emes,416,252,450,1118
emf,2479,252,450,3181
emhy,651,252,450,1353
emi,2290,222,412,2924
emitf,2361,252,436,3049
emj,2448,251,449,3148
emkr,2479,252,450,3181
eml,2346,252,448,3046
emms,2479,252,450,3181
emn,5298,252,450,6000
emo,894,252,450,1596
emr,8322,252,450,9024
emx,735,250,450,1435
enb,2479,252,450,3181
endp,2479,252,450,3181
eng,2479,252,450,3181
enj,502,239,395,1136
enlc,2762,252,450,3464
enlk,2479,252,450,3181
enor,611,252,450,1313
enph,693,252,450,1395
enr,2479,252,450,3181
ens,2479,252,450,3181
ensg,1797,252,450,2499
ensv,3513,252,450,4215
ent,616,252,450,1318
enta,450,252,450,1152
entg,2479,252,450,3181
env,1115,252,450,1817
enx,2479,252,450,3181
enz,2479,252,450,3181
enzy,318,252,448,1018
eod,1956,252,450,2658
eog,6359,252,450,7061
eoi,2479,252,450,3181
eos,2479,252,450,3181
eot,1411,252,450,2113
ep_c,1089,241,387,1717
epam,727,252,450,1429
epay,2479,252,450,3181
epc,3715,252,450,4417
epd,2479,252,450,3181
epm,2469,252,450,3171
epr,2475,252,450,3177
epr_c,1079,241,398,1718
epr_e,1021,241,420,1682
epr_f,554,246,436,1236
epzm,401,252,450,1103
eqc,2479,252,450,3181
eqco,610,252,449,1311
eqix,2479,252,450,3181
eqm,632,252,450,1334
eqr,5385,252,450,6087
eqs,2433,233,417,3083
eqt,2479,252,450,3181
era,481,252,450,1183
erc,2479,252,450,3181
erf,2479,252,450,3181
erh,2479,252,450,3181
eric,2479,252,450,3181
erie,2479,252,450,3181
erii,1637,252,450,2339
erj,2479,252,450,3181
ern,1909,252,450,2611
eros,285,252,450,987
es,2479,252,450,3181
esba,294,250,447,991
esbk,1819,203,404,2426
esca,2428,252,450,3130
ese,2479,252,450,3181
esea,2095,244,437,2776
esgr,1991,252,450,2693
esio,2479,252,450,3181
esl,2479,252,450,3181
eslt,2479,252,450,3181
esnc,1900,252,450,2602
esnd,2479,252,450,3181
esnt,294,252,450,996
esp,2363,245,402,3010
espr,383,252,450,1085
esrt,315,252,450,1017
esrx,5679,252,450,6381
ess,2479,252,450,3181
essa,1949,252,450,2651
este,2392,252,449,3093
esv,2479,252,450,3181
esxb,1955,249,445,2649
etb,2438,252,450,3140
ete,2243,252,450,2945
etfc,4615,252,450,5317
etg,2479,252,450,3181
eth,2479,252,450,3181
etj,1872,252,450,2574
etm,2479,252,450,3181
etn,7436,252,450,8138
eto,2479,252,450,3181
etp,2479,252,450,3181
etr,8321,252,450,9023
etv,2395,252,450,3097
etw,2330,252,450,3032
etx,446,252,450,1148
ety,2037,252,450,2739
ev,2479,252,450,3181
evbn,1955,228,422,2605
evc,2479,252,450,3181
evep,2080,252,450,2782
evf,2479,252,450,3181
evg,2479,252,450,3181
evgn,378,244,415,1037
evhc,349,252,450,1051
evi,2125,248,427,2800
evj,2469,251,450,3170
evk,2150,221,368,2739
evlv,2479,252,450,3181
evm,2479,252,450,3181
evn,2479,252,450,3181
evo,2361,247,431,3039
evok,319,252,450,1021
evol,2478,252,450,3180
evp,2342,245,438,3025
evr,2112,252,450,2814
evt,2479,252,450,3181
evtc,435,252,450,1137
evv,2479,252,450,3181
evy,2477,252,450,3179
ew,2479,252,450,3181
ewbc,2479,252,450,3181
ewgs,572,250,449,1271
ewus,533,244,444,1221
exa,629,252,450,1331
exac,2479,252,450,3181
exas,2478,252,450,3180
exc,8825,252,450,9527
exd,1137,252,450,1839
exel,2479,252,450,3181
exfo,2476,250,450,3176
exg,1979,252,450,2681
exk,2464,252,450,3166
exls,2063,252,450,2765
exp,2479,252,450,3181
expd,6211,252,450,6913
expe,2379,252,450,3081
expo,2479,252,450,3181
expr,1168,252,450,1870
exr,2479,252,450,3181
extr,2479,252,450,3181
ezpw,2479,252,450,3181
f,9583,252,450,10285
fac,2439,252,444,3135
faf,1160,252,450,1862
fang,557,252,450,1259
fanh,1805,252,450,2507
farm,2479,252,450,3181
faro,2479,252,450,3181
fast,6239,252,450,6941
fate,315,252,450,1017
fax,2479,252,450,3181
fb,659,252,450,1361
fbc,2479,252,450,3181
fbhs,814,252,450,1516
fbio,762,252,450,1464
fbiz,1658,252,450,2360
fbms,1341,214,432,1987
fbnc,2479,252,450,3181
fbnk,880,252,450,1582
fbp,2479,252,450,3181
fbr,2479,252,450,3181
fbss,1847,154,304,2305
fc,2479,252,450,3181
fcap,1276,185,311,1772
fcau,590,252,450,1292
fcbc,2479,252,450,3181
fcco,2000,221,420,2641
fccy,1851,229,436,2516
fce-a,1097,252,450,1799
fcel,2479,252,450,3181
fcf,2479,252,450,3181
fcfs,2479,252,450,3181
fcn,2479,252,450,3181
fcnca,2477,252,450,3179
fco,2479,252,450,3181
fcre,290,251,446,987
fcsc,410,252,450,1112
fcx,4905,252,450,5607
fdef,2472,252,450,3174
fdp,2479,252,450,3181
fds,2479,252,450,3181
fdus,887,252,450,1589
fdx,8825,252,450,9527
fe,4312,252,450,5014
feim,2446,244,429,3119
fele,2479,252,450,3181
fen,2479,252,450,3181
feng,914,252,450,1616
fet,685,252,450,1387
feye,323,252,450,1025
ff,950,252,450,1652
ffbc,2479,252,450,3181
ffbcw,443,86,75,604
ffc,2479,252,450,3181
ffg,2479,252,450,3181
ffhl,1989,201,413,2603
ffic,2479,252,450,3181
ffin,2479,252,450,3181
ffiv,2479,252,450,3181
ffkt,2460,252,450,3162
ffnw,1819,252,450,2521
fgl,264,252,450,966
fgp,2479,252,450,3181
fh,1116,252,450,1818
fhn,6239,252,450,6941
fhn_a,481,252,449,1182
fi,352,252,450,1054
fibk,1203,252,450,1905
fico,2479,252,450,3181
fig,1988,252,450,2690
fii,4185,252,450,4887
finl,2479,252,450,3181
fis,2479,252,450,3181
fisi,2478,252,450,3180
fisv,6242,252,450,6944
fitb,6234,252,450,6936
fitbi,260,252,450,962
five,617,252,450,1319
fix,2479,252,450,3181
fizz,2478,252,450,3180
fl,2479,252,450,3181
flat,884,128,206,1218
flc,2479,252,450,3181
fldm,975,252,450,1677
flex,5229,252,450,5931
flic,2284,252,450,2986
flir,2479,252,450,3181
fll,2440,252,450,3142
flo,2479,252,450,3181
flr,3524,252,450,4226
fls,2479,252,450,3181
flt,1015,252,450,1717
flws,2479,252,450,3181
flxs,2436,252,450,3138
fly,1829,252,450,2531
fmbh,1387,132,440,1959
fmbi,2479,252,450,3181
fmc,2479,252,450,3181
fmi,320,252,450,1022
fmn,2478,252,450,3180
fmnb,823,251,449,1523
fmo,2478,252,450,3180
fms,2479,252,450,3181
fmx,2479,252,450,3181
fn,1138,252,450,1840
fnb,2479,252,450,3181
fnb_e,287,252,449,988
fnf,2318,252,450,3020
fngn,1209,252,450,1911
fnhc,2470,252,450,3172
fnlc,2438,252,450,3140
fnsr,2479,252,450,3181
fnv,833,252,450,1535
foe,2479,252,450,3181
fof,2041,252,450,2743
fold,1912,252,450,2614
fonr,2478,252,450,3180
for,1775,252,448,2475
ford,2478,252,450,3180
form,2479,252,450,3181
forr,2479,252,450,3181
forty,2090,207,225,2522
fosl,2479,252,450,3181
fox,2479,252,450,3181
foxa,2479,252,450,3181
foxf,353,252,450,1055
fpp,2475,251,450,3176
fpp-ws,599,211,354,1164
fprx,325,252,450,1027
fpt,2478,252,450,3180
fr,2479,252,450,3181
fra,2479,252,450,3181
fran,865,252,450,1567
frba,557,229,434,1220
frbk,2464,252,450,3166
frc,1019,252,450,1721
frc_c,528,252,448,1228
frc_d,427,252,450,1129
frc_e,295,252,450,997
frd,2478,252,441,3171
fred,2479,252,450,3181
frgi,671,252,450,1373
frme,2479,252,450,3181
fro,2479,252,450,3181
frph,2436,252,449,3137
frt,2479,252,450,3181
fsbk,2446,242,423,3111
fsbw,556,240,438,1234
fsfg,1131,185,354,1670
fsi,2441,252,450,3143
fslr,2043,252,450,2745
fsm,826,252,450,1528
fsp,2412,252,450,3114
fss,2479,252,450,3181
fstr,2478,252,450,3180
ft,2479,252,450,3181
ftag,1201,251,333,1785
ftd,290,252,450,992
ftek,2479,252,450,3181
fteo,351,122,167,640
ftf,2479,252,450,3181
ftft,1542,251,439,2232
fti,2479,252,450,3181
ftk,2471,252,450,3173
ftnt,1288,252,450,1990
ftr,2479,252,450,3181
ftri,1210,250,420,1880
ful,2479,252,450,3181
fulll,324,178,349,851
fult,2479,252,450,3181
fun,2479,252,450,3181
func,2400,243,439,3082
fund,2479,252,450,3181
fusb,2180,235,441,2856
fve,2479,252,450,3181
fwona,2174,252,450,2876
fwrd,2479,252,450,3181
g,1868,252,450,2570
gab,2479,252,450,3181
gab_d,989,213,382,1584
gab_g,549,242,434,1225
gab_h,564,251,446,1261
gabc,2458,252,450,3160
gaia,2478,252,450,3180
gain,2398,252,450,3100
gale,799,252,450,1501
galt,697,252,450,1399
gam,2479,252,450,3181
gam_b,1091,246,438,1775
gars,446,252,450,1148
gass,2325,252,450,3027
gatx,2479,252,450,3181
gbab,1049,252,450,1751
gbci,2479,252,450,3181
gbdc,1188,252,450,1890
gbl,2479,252,450,3181
gbli,2479,252,450,3181
gbnk,2323,252,450,3025
gbr,2082,249,443,2774
gbx,2479,252,450,3181
gcap,1015,252,450,1717
gcbc,1533,113,436,2082
gch,2479,252,449,3180
gco,2479,252,450,3181
gcv,2479,252,450,3181
gcv_b,742,146,253,1141
gcvrz,941,252,450,1643
gd,9582,252,450,10284
gden,2479,252,450,3181
gdl,1998,252,450,2700
gdl_b,784,180,312,1276
gdo,1284,252,450,1986
gdot,1120,252,450,1822
gdv,2479,252,450,3181
gdv_a,1068,237,426,1731
gdv_d,1069,228,404,1701
ge,13336,252,450,14038
geb,557,252,450,1259
gec,2479,252,449,3180
gef,2479,252,450,3181
gef-b,1083,252,450,1785
geh,483,252,450,1185
gek,408,252,450,1110
gel,2479,252,450,3181
gen,1923,252,450,2625
genc,2358,247,450,3055
gene,2005,252,450,2707
geo,2479,252,450,3181
geos,2475,252,450,3177
gern,2479,252,450,3181
ges,2479,252,450,3181
gevo,975,252,450,1677
gf,2479,252,450,3181
gfa,1963,252,450,2665
gfed,1903,207,354,2464
gff,2479,252,450,3181
gfi,5964,252,450,6666
gfn,1985,252,445,2682
gfncp,276,161,352,789
gfy,2478,252,447,3177
gg,4876,252,450,5578
ggal,2479,252,450,3181
ggb,2479,252,450,3181
ggg,2479,252,450,3181
ggm,383,252,450,1085
ggn,2459,252,450,3161
ggn_b,412,247,440,1099
ggp,2479,252,450,3181
ggp_a,472,249,446,1167
ggt,2479,252,450,3181
ggt_b,706,114,214,1034
ghc,2479,252,450,3181
ghdx,2330,252,450,3032
ghl,2479,252,450,3181
ghm,2479,252,450,3181
ghy,510,252,450,1212
ghyg,642,252,450,1344
gib,2479,252,450,3181
gifi,2479,252,450,3181
giga,2359,251,440,3050
gigm,2479,252,450,3181
giii,2459,252,450,3161
gil,2479,252,450,3181
gild,5774,252,450,6476
gilt,2479,249,448,3176
gim,2479,252,450,3181
gimo,393,252,450,1095
gis,7958,252,450,8660
gjh,777,195,295,1267
gjo,738,145,231,1114
gjp,665,109,173,947
gjr,562,145,170,877
gjs,809,164,275,1248
gjt,656,156,197,1009
gjv,942,205,375,1522
glad,2479,252,450,3181
glbr,1024,251,450,1725
glbs,1031,232,450,1713
glbz,1492,143,293,1928
gldd,2293,252,450,2995
glng,2479,252,450,3181
glo,2187,252,450,2889
glog,693,252,450,1395
glow,757,248,446,1451
glp,2330,252,450,3032
glpg,758,238,450,1446
glpi,289,252,450,991
glq,2438,252,450,3140
glre,1916,252,450,2618
glt,2479,252,450,3181
glu,2478,252,450,3180
glu_a,278,135,217,630
gluu,1959,252,450,2661
glv,2479,252,450,3181
glw,8321,252,450,9023
gm,1037,252,450,1739
gme,2479,252,450,3181
gmed,606,252,450,1308
gmlp,935,252,450,1637
gmo,2441,252,450,3143
gmz,276,252,450,978
gnc,942,252,450,1644
gncma,2479,252,450,3181
gne,795,252,450,1497
gne_a,506,241,419,1166
gnmk,1157,252,450,1859
gnmx,908,252,450,1610
gnrc,1231,252,450,1933
gnt,985,252,450,1687
gntx,6242,252,450,6944
gnw,2479,252,450,3181
goex,1042,252,450,1744
gof,1872,252,450,2574
gogl,2479,252,450,3181
gogo,386,252,450,1088
gol,2479,252,450,3181
gold,2479,252,450,3181
good,2479,252,450,3181
goodo,830,189,394,1413
goodp,780,204,401,1385
googl,2611,252,450,3313
goro,2080,252,450,2782
gov,1406,252,450,2108
gpc,8004,252,450,8706
gpi,2479,252,450,3181
gpic,2414,220,346,2980
gpk,2479,252,450,3181
gpl,2316,252,450,3018
gpm,2353,252,450,3055
gpn,2479,252,450,3181
gpor,2474,252,449,3175
gpre,2213,252,450,2915
gps,6918,252,450,7620
gpt,408,252,450,1110
gpx,2479,252,450,3181
gra,2479,252,450,3181
gram,364,252,450,1066
grbk,1901,252,450,2603
grc,2479,252,450,3181
grf,1968,205,394,2567
grfs,900,252,450,1602
grif,2175,186,411,2772
grmn,3533,252,450,4235
grow,2473,252,450,3175
grp-u,500,250,450,1200
grpn,792,252,450,1494
grr,2476,245,422,3143
grvy,2433,216,407,3056
grx,1896,252,450,2598
grx_a,1033,206,363,1602
gs,3939,252,450,4641
gs_a,1097,252,450,1799
gs_b,1097,252,450,1799
gs_c,1096,252,450,1798
gs_d,1097,252,450,1799
gs_i,545,252,433,1230
gs_j,424,252,450,1126
gsat,2054,252,450,2756
gsb,2444,252,450,3146
gsbc,2479,252,450,3181
gsh,2479,252,450,3181
gsit,1954,251,450,2655
gsk,2479,252,450,3181
gsl,1605,252,450,2307
gsm,1366,252,450,2068
gss,2479,252,450,3181
gst,2474,252,450,3176
gst_a,884,252,450,1586
gst_b,287,252,446,985
gsv,643,252,450,1345
gsvc,924,252,450,1626
gt,11351,252,450,12053
gte,2297,252,450,2999
gtim,1973,252,450,2675
gtls,2124,252,450,2826
gtn,2479,252,450,3181
gtn-a,754,151,273,1178
gts,1779,252,450,2481
gtt,383,252,450,1085
gtxi,2479,252,450,3181
gty,2479,252,450,3181
gure,880,252,450,1582
gut,2479,252,450,3181
gut_a,887,185,365,1437
gv,2454,252,449,3155
gva,2478,252,450,3180
gvp,2429,251,450,3130
gwph,421,252,450,1123
gwr,2479,252,450,3181
gwre,736,252,450,1438
gww,7573,252,450,8275
gxp,2479,252,450,3181
gyb,1093,242,437,1772
gyc,981,230,396,1607
gyro,1914,242,331,2487
gzt,764,252,444,1460
h,1297,252,450,1999
ha,2479,252,450,3181
hae,2479,252,450,3181
hafc,762,252,450,1464
hain,2479,252,450,3181
hal,8321,252,450,9023
hall,2366,252,450,3068
halo,2479,252,450,3181
has,7572,252,450,8274
hasi,431,252,450,1133
hawk,430,252,450,1132
hayn,2264,252,450,2966
hban,6242,252,450,6944
hbanp,1005,204,421,1630
hbcp,1555,250,450,2255
hbhc,2479,252,450,3181
hbi,2108,252,450,2810
hbio,2479,252,450,3181
hbk,484,177,322,983
hbm,2317,252,450,3019
hbmd,306,220,382,908
hbnc,2133,252,450,2835
hbp,264,251,450,965
hca,957,252,450,1659
hcap,417,252,450,1119
hcci,1693,252,450,2395
hchc,1353,252,450,2055
hci,1562,252,450,2264
hckt,2479,252,450,3181
hclp,597,252,450,1299
hcn,2479,252,450,3181
hcn_i,957,252,450,1659
hcom,870,252,449,1571
hcp,2479,252,450,3181
hcsg,2479,252,450,3181
hd,8392,252,450,9094
hdb,2479,252,450,3181
hdng,2468,252,450,3170
hds,382,252,450,1084
hdsn,2454,252,450,3156
he,2479,252,450,3181
he_u,547,114,213,874
hear,697,252,450,1399
heb,2479,252,450,3181
hees,2246,252,450,2948
hei,2479,252,450,3181
hei-a,1097,252,450,1799
hele,2479,252,450,3181
hep,2479,252,450,3181
heq,904,252,450,1606
hes,2479,252,450,3181
hf,1992,252,450,2694
hfbc,2102,251,431,2784
hfbl,1209,150,197,1556
hfc,880,252,450,1582
hfwa,2406,252,450,3108
hgh,676,252,450,1378
hgsh,1449,251,441,2141
hgt,2478,252,450,3180
hhc,1039,252,450,1741
hhs,2479,252,450,3181
hi,1708,252,450,2410
hibb,2479,252,450,3181
hifs,1711,243,438,2392
hig,4792,252,450,5494
hig-ws,1070,237,374,1681
hiho,2294,252,443,2989
hii,942,252,450,1644
hiiq,478,252,450,1180
hil,2442,252,450,3144
himx,2204,252,450,2906
hio,2479,252,450,3181
hiw,2479,252,450,3181
hix,2479,252,450,3181
hjv,1066,219,421,1706
hk,918,252,450,1620
hl,2479,252,450,3181
hl_b,506,87,188,781
hlf,2479,252,450,3181
hlit,2479,252,450,3181
hlm_,1081,251,445,1777
hls,2479,252,450,3181
hlt,265,252,450,967
hlx,2479,252,450,3181
hmc,2479,252,450,3181
hmg,1041,151,174,1366
hmhc,284,252,450,986
hmn,2479,252,450,3181
hmnf,2250,224,388,2862
hmny,665,206,405,1276
hmst,727,252,450,1429
hmsy,2479,252,450,3181
hmtv,426,252,450,1128
hmy,4594,252,450,5296
hni,2479,252,450,3181
hnp,2472,252,450,3174
hnrg,1593,252,450,2295
hnw,1915,252,450,2617
hoft,2479,252,450,3181
hog,2479,252,450,3181
holi,2289,252,450,2991
holx,2479,252,450,3181
homb,2146,252,450,2848
hon,11350,252,450,12052
hope,773,252,450,1475
hos,2479,252,450,3181
hotr,483,252,450,1185
hov,2479,252,450,3181
hovnp,1085,237,422,1744
hp,2479,252,450,3181
hpf,2479,252,450,3181
hpi,2479,252,450,3181
hpj,1628,252,450,2330
hpp,1139,252,450,1841
hpq,11353,252,450,12055
hps,2479,252,450,3181
hpt,2479,252,450,3181
hqcl,2022,252,450,2724
hqh,2479,252,450,3181
hql,2479,252,450,3181
hr,2479,252,450,3181
hrb,7092,252,450,7794
hrc,2479,252,450,3181
hrg,2432,252,450,3134
hrl,2479,252,450,3181
hrs,2479,252,450,3181
hrzn,1046,252,450,1748
hsbc,2479,252,450,3181
hsc,2479,252,450,3181
hsea,1097,252,450,1799
hseb,1097,252,450,1799
hsic,4821,252,450,5523
hsii,2479,252,450,3181
hska,2477,252,450,3179
hsni,1608,252,450,2310
hson,2479,252,450,3181
hst,2477,252,450,3179
hstm,2476,252,450,3178
hsy,7438,252,450,8140
ht,2479,252,450,3181
ht_c,405,163,249,817
hta,647,252,450,1349
htbi,620,252,450,1322
htbk,2476,252,450,3178
htbx,364,252,450,1066
htd,2479,252,450,3181
htgc,2407,252,450,3109
hth,2479,252,450,3181
htht,1201,252,450,1903
htld,2479,252,450,3181
htlf,2479,252,450,3181
htm,2347,252,450,3049
hty,1830,252,450,2532
htz,2044,252,450,2746
hubg,2479,252,450,3181
hum,8321,252,450,9023
hun,2479,252,450,3181
hurc,2479,252,450,3181
hurn,2479,252,450,3181
husa,2453,252,449,3154
hvt,2479,252,450,3181
hvt-a,694,79,130,903
hwbk,1957,197,379,2533
hwcc,2152,252,450,2854
hwkn,2442,252,450,3144
hxl,2479,252,450,3181
hy,564,252,450,1266
hyb,2479,252,450,3181
hygs,2476,252,450,3178
hyhg,404,252,450,1106
hyi,2134,252,450,2836
hyt,2479,252,450,3181
hyxu,648,252,450,1350
hznp,861,252,450,1563
hzo,2479,252,450,3181
i,431,252,450,1133
iac,5523,252,450,6225
iae,1956,252,450,2658
iaf,2479,252,450,3181
iag,2479,252,450,3181
iart,2479,252,450,3181
iba,2477,252,450,3179
ibcp,2480,252,450,3182
ibio,1496,252,450,2198
ibkc,2479,252,450,3181
ibkr,1930,252,450,2632
ibm,13337,252,450,14039
ibn,2479,252,450,3181
iboc,2479,252,450,3181
ibtx,442,252,450,1144
icad,2479,252,450,3181
icb,2479,252,450,3181
iccc,2006,246,446,2698
ice,2296,252,450,2998
icfi,2079,252,450,2781
iclr,2479,252,450,3181
icon,2479,252,450,3181
icpt,558,252,449,1259
icui,2479,252,450,3181
ida,2479,252,450,3181
idcc,2478,252,450,3180
ide,1242,252,450,1944
idn,2472,252,450,3174
idra,2473,252,450,3175
idsa,2469,240,443,3152
idsy,2478,252,448,3178
idt,2479,252,450,3181
idti,2479,252,450,3181
idxg,2475,251,448,3174
idxx,2479,252,450,3181
iec,2365,249,450,3064
iep,2479,252,450,3181
iesc,2123,251,450,2824
iex,2479,252,450,3181
if,2479,252,447,3178
iff,8321,252,450,9023
ifn,2479,252,450,3181
ifon,2446,252,450,3148
iga,2310,252,450,3012
igc,2161,252,449,2862
igd,2459,252,450,3161
ighg,285,252,450,987
igi,1389,252,450,2091
igld,2436,244,358,3038
igr,2479,252,450,3181
ihc,2454,252,450,3156
ihd,926,252,450,1628
ihg,2479,252,450,3181
iht,1334,193,278,1805
iid,1830,252,450,2532
iif,2479,252,450,3181
iii,1976,252,450,2678
iiin,2479,252,450,3181
iiji,2474,229,391,3094
iim,2479,252,450,3181
iin,2279,241,434,2954
iivi,2479,252,450,3181
iknx,1599,187,336,2122
ilg,1608,252,450,2310
ilmn,2479,252,450,3181
imax,2479,252,450,3181
imgn,2479,252,450,3181
imh,2477,252,450,3179
imi,779,252,450,1481
imkta,2479,252,450,3181
immr,2479,252,450,3181
immu,2479,252,450,3181
immy,477,251,450,1178
imo,2479,252,450,3181
imos,965,252,449,1666
impv,788,252,449,1489
imuc,652,252,450,1354
inap,2479,252,450,3181
inb,1872,252,450,2574
inbk,466,252,450,1168
incy,2479,252,450,3181
indb,2479,252,450,3181
inf,840,252,450,1542
infi,2479,252,450,3181
infn,1907,252,450,2609
infu,1635,251,450,2336
infy,2479,252,450,3181
ing,2479,252,450,3181
ingr,2479,252,450,3181
inn,975,252,450,1677
inn_b,505,231,401,1137
inn_c,443,226,383,1052
ino,2479,252,450,3181
inod,2479,252,450,3181
inpx,512,252,450,1214
ins,1863,238,350,2451
insg,2479,252,450,3181
insi,768,252,450,1470
insm,944,252,450,1646
insy,572,252,448,1272
int,2479,252,450,3181
intc,10834,252,450,11536
intg,1662,237,265,2164
intl,2470,252,450,3172
intt,2384,251,444,3079
intu,5486,252,450,6188
intx,2476,252,449,3177
inuv,2471,252,450,3173
inva,2476,251,449,3176
inve,2402,252,450,3104
inwk,2109,252,450,2811
inxn,985,252,450,1687
io,2479,252,450,3181
ions,2478,252,450,3180
ior,1500,222,282,2004
iosp,2479,252,450,3181
iova,853,252,450,1555
ip,11353,252,450,12055
ipar,2479,252,450,3181
ipas,2479,252,450,3181
ipb,771,186,294,1251
ipcc,2479,252,450,3181
ipci,2474,252,449,3175
ipdn,413,227,447,1087
ipg,6842,252,450,7544
ipgp,2026,252,450,2728
iphi,1038,252,450,1740
iphs,2054,252,450,2756
ipi,1687,252,450,2389
ipl_d,449,251,447,1147
ipwr,278,251,450,979
ipxl,2308,252,450,3010
iqi,2479,252,450,3181
ir,7438,252,450,8140
irbt,2301,252,450,3003
ircp,1741,150,261,2152
irdm,1642,252,450,2344
iret,2479,252,450,3181
irix,2405,252,450,3107
irl,2478,252,450,3180
irm,2479,252,450,3181
iroq,677,207,321,1205
irr,2060,252,450,2762
irs,2479,252,450,3181
irt,350,252,450,1052
irwd,1237,252,450,1939
isbc,2321,252,450,3023
isca,2479,252,450,3181
isd,675,252,450,1377
isdr,1026,235,397,1658
isf,1097,252,450,1799
isg,1097,252,450,1799
isig,2448,249,435,3132
isl,2474,250,436,3160
ism,1083,242,425,1750
isns,2379,252,448,3079
isr,2315,252,450,3017
isrg,2479,252,450,3181
isrl,2076,185,334,2595
issc,2465,252,449,3166
it,2479,252,450,3181
itcb,2290,252,450,2992
itci,254,252,450,956
itg,2479,252,450,3181
itgr,2479,252,450,3181
iti,2478,252,450,3180
itic,2201,194,440,2835
itri,2479,252,450,3181
itrn,2331,252,450,3033
itt,4790,252,450,5492
itub,2479,252,450,3181
itus,6462,244,439,7145
itw,6844,252,450,7546
ivac,2479,252,449,3180
ivc,2479,252,450,3181
ivh,403,252,450,1105
ivr,1389,252,450,2091
ivr_a,611,252,449,1312
ivz,2479,252,450,3181
ix,2479,252,450,3181
ixys,2479,252,450,3181
iyld,652,252,450,1354
jack,2479,252,450,3181
jakk,2479,252,450,3181
jasnw,254,182,389,825
jaso,1990,252,450,2692
jazz,1910,252,450,2612
jbht,2479,252,450,3181
jbk,792,111,354,1257
jbl,5448,252,450,6150
jblu,2479,252,450,3181
jbn,1080,239,428,1747
jbr,1032,205,374,1611
jbss,2478,252,450,3180
jbt,1623,252,450,2325
jce,1956,252,450,2658
jci,6805,252,450,7507
jcom,2479,252,450,3181
jcp,8320,252,450,9022
jcs,2464,250,450,3164
jctcf,2025,144,332,2501
jdd,2479,252,450,3181
je,735,252,450,1437
jec,2479,252,450,3181
jeq,2479,252,450,3181
jfr,2479,252,450,3181
jhg,3652,252,450,4354
jhi,2479,252,450,3181
jhs,2479,252,450,3181
jhx,2352,252,450,3054
jjsf,2479,252,450,3181
jkhy,2479,252,450,3181
jks,1167,252,450,1869
jll,2479,252,450,3181
jls,1283,252,450,1985
jmba,2323,252,450,3025
jmf,962,252,450,1664
jmm,2478,252,448,3178
jmp,1925,252,450,2627
jmpb,463,247,426,1136
jmt,1223,252,448,1923
jnj,11352,252,450,12054
jnp,2478,252,450,3180
jnpr,3902,252,450,4604
job,2222,252,444,2918
jobs,2478,252,450,3180
joe,2479,252,450,3181
jof,2479,252,450,3181
jone,364,252,450,1066
jout,2373,252,450,3075
jpc,2479,252,450,3181
jpi,611,252,450,1313
jpm,11352,252,450,12054
jpm-ws,1097,252,450,1799
jpm_a,465,252,450,1167
jpm_d,583,252,442,1277
jps,2479,252,450,3181
jqc,2479,252,450,3181
jri,675,252,450,1377
jrjc,2476,252,450,3178
jrjr,1082,251,450,1783
jro,2479,252,450,3181
jrs,2479,252,450,3181
jsd,904,252,450,1606
jsm,1097,252,450,1799
jta,2479,252,450,3181
jtd,1893,252,450,2595
jtpy,498,234,433,1165
jva,2382,252,450,3084
jw-a,1097,252,450,1799
jw-b,757,124,278,1159
jwn,7181,252,450,7883
jxsb,1067,126,135,1328
k,7573,252,450,8275
kai,2479,252,450,3181
kalu,2137,252,450,2839
kamn,2479,252,450,3181
kap,513,227,374,1114
kar,1272,252,450,1974
kb,1575,252,450,2277
kbal,6230,252,450,6932
kbh,6827,252,450,7529
kbr,2044,252,450,2746
kbwb,792,252,450,1494
kbwd,1022,252,450,1724
kbwy,1005,252,450,1707
kcap,2027,252,450,2729
ked,2084,252,450,2786
kelya,2479,252,450,3181
kem,2479,252,450,3181
kep,2479,252,450,3181
kequ,2141,219,412,2772
kerx,2479,252,450,3181
kex,2479,252,450,3181
key,6841,252,450,7543
keyw,1066,252,450,1768
kf,2479,252,449,3180
kffb,1884,205,338,2427
kfn_,487,252,450,1189
kfrc,2479,252,450,3181
kfs,2466,250,447,3163
kfy,2479,252,450,3181
kgc,5074,252,450,5776
kgji,1556,252,450,2258
kim,2479,252,450,3181
kim_i,697,252,450,1399
kim_j,609,252,450,1311
kim_k,516,252,450,1218
kin,265,252,450,967
kins,1650,251,450,2351
kio,362,252,450,1064
kirk,2478,252,450,3180
kkr,1125,252,450,1827
klac,6240,252,450,6942
klic,2479,252,450,3181
kmb,7573,252,450,8275
kmda,401,249,418,1068
kmf,1029,252,450,1731
kmg,2428,252,450,3130
kmi,975,252,450,1677
kmm,2479,252,450,3181
kmpr,842,252,450,1544
kmt,2479,252,450,3181
kmx,2479,252,450,3181
knd,2479,252,450,3181
kndi,1097,252,450,1799
knl,2479,252,450,3181
knop,437,252,450,1139
knx,1014,252,450,1716
ko,11353,252,450,12055
kodk,319,252,450,1021
kof,2479,252,450,3181
kona,2357,252,450,3059
kone,994,239,431,1664
kool,2479,252,450,3181
kop,2245,252,450,2947
kopn,2479,252,450,3181
kors,763,252,450,1465
kos,915,252,450,1617
koss,2055,244,429,2728
kpti,290,252,450,992
kr,9584,252,450,10286
kra,1268,252,450,1970
krc,2478,252,450,3180
krg,2479,252,450,3181
krny,2479,252,450,3181
kro,2477,252,450,3179
ks,2239,252,450,2941
ksm,2479,252,450,3181
kss,5696,252,450,6398
kst,2476,252,448,3176
ksu,2479,252,450,3181
ksu_,2148,142,319,2609
kt,2479,252,450,3181
ktcc,2475,252,450,3177
ktec,2397,206,425,3028
ktf,2479,252,450,3181
kth,855,182,354,1391
ktn,962,228,389,1579
ktos,2479,252,450,3181
ktp,1094,252,450,1796
kvhi,2479,252,450,3181
kw,1671,252,450,2373
kweb,349,252,450,1051
kwn,482,224,353,1059
kwr,2479,252,450,3181
kye,2395,252,450,3097
kyn,2479,252,450,3181
kyn_f,437,247,436,1120
kyo,2479,252,450,3181
l,2479,252,450,3181
labl,2478,252,450,3180
lad,2479,252,450,3181
lake,2456,252,450,3158
lamr,4631,252,450,5333
lanc,2479,252,450,3181
land,486,252,450,1188
laq,2476,251,444,3171
lark,1542,237,404,2183
laws,2479,252,450,3181
layn,2479,252,450,3181
laz,2432,252,450,3134
lb,7438,252,450,8140
lbai,2479,252,450,3181
lbix,2404,234,426,3064
lbtya,2402,252,450,3104
lbtyk,2348,252,450,3050
lby,2479,252,450,3181
lci,2470,252,450,3172
lcii,2479,252,450,3181
lcm,2479,252,450,3181
lcnb,772,249,449,1470
lcut,2479,252,450,3181
ldf,2478,252,450,3180
ldl,2479,252,450,3181
ldos,2068,252,450,2770
ldp,611,252,450,1313
ldr,2479,252,433,3164
lea,1294,252,450,1996
leco,2477,252,450,3179
leds,1019,252,450,1721
lee,2479,252,450,3181
leg,6841,252,450,7543
len,2479,252,450,3181
len-b,1097,252,450,1799
leo,2479,252,450,3181
leu,4138,252,450,4840
lfc,2477,252,450,3179
lfgr,988,252,450,1690
lfus,2479,252,450,3181
lfvn,578,252,450,1280
lgcy,2007,252,450,2709
lgi,2479,252,450,3181
lgih,289,252,450,991
lgl,2020,229,344,2593
lgnd,2480,252,450,3182
lh,2479,252,450,3181
lhcg,2408,252,450,3110
lho,2479,252,450,3181
lho_i,459,246,426,1131
lii,2474,252,450,3176
linc,2398,252,450,3100
link,508,137,249,894
linu,1325,251,448,2024
lion,2437,252,450,3139
liqt,271,252,447,970
litb,397,252,450,1099
live,2279,252,449,2980
lkfn,2479,252,450,3181
lkq,2479,252,450,3181
ll,1798,252,450,2500
llit,1145,251,442,1838
lll,2479,252,450,3181
llnw,1906,252,450,2608
lly,8322,252,450,9024
lm,2479,252,450,3181
lmat,2011,252,450,2713
lmnr,1855,252,450,2557
lmnx,2479,252,450,3181
lmos,794,252,450,1496
lmt,9582,252,450,10284
lnc,7623,252,450,8325
lnce,2479,252,450,3181
lnd,380,202,379,961
lndc,2479,252,450,3181
lng,2479,252,450,3181
lnn,2479,252,450,3181
lnt,2479,252,450,3181
loan,2069,252,450,2771
lode,895,252,450,1597
logi,1097,252,450,1799
logm,1386,252,450,2088
lope,1538,252,450,2240
lor,2395,252,450,3097
lorl,2352,252,450,3054
lov,2139,252,445,2836
low,7436,252,450,8138
lpi,763,252,450,1465
lpl,2479,252,450,3181
lpla,1033,252,450,1735
lpnt,2479,252,450,3181
lpsn,2479,252,450,3181
lpt,2479,252,450,3181
lpth,2414,251,450,3115
lpx,8320,252,450,9022
lqdt,2230,252,450,2932
lrad,2479,251,450,3180
lrcx,6234,252,450,6936
lrn,1775,252,450,2477
lsbk,1307,164,272,1743
lscc,2479,252,450,3181
lsi,2479,252,450,3181
lstr,2479,252,450,3181
ltbr,2479,252,450,3181
ltc,2479,252,450,3181
ltm,2479,252,450,3181
ltrx,2409,249,437,3095
lts,2479,252,450,3181
lts_a,402,252,450,1104
ltxb,2075,252,450,2777
lub,2479,252,450,3181
luk,2479,252,450,3181
lulu,1872,252,450,2574
luna,2148,252,450,2850
luv,8826,252,450,9528
lvlt,4205,252,442,4899
lvnta,598,252,450,1300
lvs,2479,252,450,3181
lway,2479,252,450,3181
lxfr,564,252,450,1266
lxft,383,252,450,1085
lxp,2479,252,450,3181
lxp_c,968,208,363,1539
lxrx,2479,252,450,3181
lxu,2471,252,450,3173
lyb,1179,252,450,1881
lyg,2479,252,450,3181
lyts,2479,252,450,3181
lyv,2276,252,450,2978
lzb,2479,252,450,3181
m,2479,252,450,3181
ma,2166,252,450,2868
maa,2479,252,450,3181
mab,2217,248,407,2872
mac,2479,252,450,3181
mack,694,252,450,1396
mag,2416,252,450,3118
mags,2439,252,449,3140
main,1817,252,450,2519
mams,379,234,386,999
man,2479,252,450,3181
manh,2479,252,450,3181
mant,2479,252,450,3181
manu,601,252,450,1303
mar,5343,252,450,6045
mark,2905,252,450,3607
marps,2380,233,414,3027
mas,7957,252,450,8659
masi,1864,252,450,2566
mat,8322,252,450,9024
matr,891,252,450,1593
matw,2479,252,450,3181
matx,2479,252,450,3181
mav,2479,252,450,3181
mays,926,111,136,1173
mbfi,2479,252,450,3181
mbi,6931,252,450,7633
mbii,357,252,450,1059
mbot,858,252,450,1560
mbt,2479,252,450,3181
mbtf,2464,252,450,3166
mbvx,588,252,450,1290
mbwm,2477,252,450,3179
mca,2479,252,450,3181
mcbc,2479,252,450,3181
mcc,985,252,450,1687
mcd,11353,252,450,12055
mcep,762,252,450,1464
mcf,2479,252,450,3181
mchp,5486,252,450,6188
mchx,2479,252,450,3181
mci,2479,252,450,3181
mck,5063,252,450,5765
mcn,2479,252,450,3181
mco,3582,252,450,4284
mcr,2479,252,450,3181
mcri,2479,252,450,3181
mcs,2479,252,450,3181
mcv,444,245,421,1110
mcy,2479,252,450,3181
md,2479,252,450,3181
mdc,2479,252,450,3181
mdca,2479,252,450,3181
mdco,2478,251,450,3179
mdgl,1991,252,450,2693
mdlz,2077,252,450,2779
mdp,7436,252,450,8138
mdr,2479,252,450,3181
mdrx,2479,252,450,3181
mdso,1390,252,450,2092
mdt,8322,252,450,9024
mdu,2479,252,450,3181
mdxg,425,252,450,1127
med,2479,252,450,3181
meet,2477,252,450,3179
mei,2479,252,450,3181
meip,2463,252,450,3165
meli,1862,252,450,2564
men,2479,252,450,3181
meoh,2479,252,450,3181
mer_k,1097,252,450,1799
mer_p,1097,252,450,1799
merc,2479,252,450,3181
met,3708,252,450,4410
met_a,1097,252,450,1799
mfa,2479,252,450,3181
mfa_b,431,252,450,1133
mfc,2479,252,450,3181
mfcb,817,252,450,1519
mfg,2049,252,450,2751
mfin,2479,252,450,3181
mfl,2479,252,450,3181
mfm,2479,252,450,3181
mfnc,1524,232,425,2181
mfo,677,244,444,1365
mfsf,2288,232,450,2970
mft,2476,252,450,3178
mfv,2479,252,450,3181
mg,1317,252,450,2019
mga,2479,252,450,3181
mgcd,2372,228,425,3025
mgee,2479,252,450,3181
mgf,2479,252,450,3181
mgi,2479,252,450,3181
mgic,2477,252,450,3179
mgln,2479,252,450,3181
mgm,2479,252,450,3181
mgnx,309,252,450,1011
mgpi,2479,252,450,3181
mgrc,2479,252,450,3181
mgu,2353,252,450,3055
mgyr,1573,110,216,1899
mh_a,586,250,449,1285
mhd,2479,252,450,3181
mhe,2268,243,385,2896
mhf,2479,252,450,3181
mhh,1445,250,398,2093
mhi,2479,252,450,3181
mhk,2479,252,450,3181
mhld,1674,252,450,2376
mhn,2479,252,450,3181
mhnc,274,252,449,975
mho,2479,252,450,3181
mic,2479,252,450,3181
micr,2392,237,396,3025
mict,412,193,402,1007
midd,2479,252,450,3181
mie,447,252,450,1149
min,2479,252,450,3181
mind,2479,252,449,3180
mini,2479,252,450,3181
mitk,4877,252,450,5579
mitl,1183,252,450,1885
mitt,880,252,450,1582
miw,2168,227,380,2775
mixt,352,252,450,1054
miy,2479,252,450,3181
mkc,3924,252,450,4626
mkc-v,898,210,397,1505
mkl,2479,252,450,3181
mksi,2479,252,450,3181
mktx,2479,252,450,3181
mlab,2217,252,450,2919
mlco,2022,252,450,2724
mlhr,2479,252,450,3181
mli,2479,252,450,3181
mlm,2479,252,450,3181
mlnk,2479,252,450,3181
mlnt,730,252,449,1431
mlnx,1989,252,450,2691
mlp,2475,251,445,3171
mlr,2479,252,450,3181
mlvf,1068,232,438,1738
mmc,6807,252,450,7509
mmd,632,252,450,1334
mmi,294,252,450,996
mmlp,2479,252,450,3181
mmm,11353,252,450,12055
mmp,2479,252,450,3181
mms,2479,252,450,3181
mmsi,2479,252,450,3181
mmt,2479,252,450,3181
mmu,2479,252,450,3181
mmv,2367,239,419,3025
mmyt,1105,252,450,1807
mn,780,252,450,1482
mndo,2473,252,450,3175
mne,2464,252,450,3166
mnga,597,252,450,1299
mni,2479,252,450,3181
mnk,378,252,450,1080
mnkd,2478,252,450,3180
mnov,1885,251,450,2586
mnp,2466,252,450,3168
mnr,2478,252,450,3180
mnro,2479,252,450,3181
mnst,749,252,450,1451
mnta,2479,252,450,3181
mntx,2402,252,450,3104
mo,11352,252,450,12054
moc,2340,249,430,3019
mod,2479,252,450,3181
modn,451,252,450,1153
mofg,1724,252,450,2426
mog-a,1097,252,450,1799
mog-b,841,136,221,1198
moh,2479,252,450,3181
mon,3568,252,450,4270
morn,2434,252,450,3136
mos,2479,252,450,3181
mosy,2479,252,450,3181
mov,2479,252,450,3181
mp_d,821,178,337,1336
mpa,2479,252,450,3181
mpaa,2321,252,450,3023
mpb,1615,177,391,2183
mpc,879,252,450,1581
mplx,547,252,450,1249
mpv,2478,252,449,3179
mpvd,2473,252,450,3175
mpw,2388,252,450,3090
mpwr,2479,252,450,3181
mpx,2479,252,450,3181
mqt,2479,252,450,3181
mqy,2479,252,450,3181
mrc,685,252,450,1387
mrcc,548,252,450,1250
mrcy,2479,252,450,3181
mrin,449,252,450,1151
mrk,11353,252,450,12055
mrln,2476,252,450,3178
mro,11351,252,450,12053
mrtn,2479,252,450,3181
mrtx,367,252,450,1069
mrvl,3641,252,450,4343
ms,2479,252,450,3181
ms_a,1097,252,450,1799
ms_e,315,252,450,1017
ms_f,264,252,450,966
msa,5700,252,450,6402
msb,2479,252,450,3181
msbf,1096,210,417,1723
msca,432,248,425,1105
mscc,2479,252,450,3181
msci,1794,252,450,2496
msd,2479,252,450,3181
msex,2479,252,450,3181
msf,2479,252,450,3181
msfg,2479,252,450,3181
msft,7261,252,450,7963
msgn,1243,252,450,1945
msi,2480,252,450,3182
msl,2373,252,450,3075
msm,2479,252,450,3181
msn,2453,252,449,3154
mson,2415,252,446,3113
msp,2438,252,450,3140
mstr,2479,252,450,3181
mt,2479,252,450,3181
mtb,5855,252,450,6557
mtb-ws,345,119,228,692
mtd,2479,252,450,3181
mtdr,731,252,450,1433
mtem,2479,252,450,3181
mtex,2455,252,444,3151
mtg,5896,252,450,6598
mtge,856,252,450,1558
mth,2479,252,450,3181
mtl,2479,252,450,3181
mtl_,2458,212,391,3061
mtn,2479,252,450,3181
mtor,945,252,450,1647
mtr,2476,252,444,3172
mtrn,961,252,450,1663
mtrx,2479,252,450,3181
mtsc,2479,252,450,3181
mtsi,704,252,450,1406
mtsl,1761,242,379,2382
mtt,1452,252,450,2154
mtu,2479,252,450,3181
mtw,2479,252,450,3181
mtx,2479,252,450,3181
mtz,2479,252,450,3181
mu,6457,252,450,7159
mua,2479,252,450,3181
muc,2479,252,450,3181
mue,2479,252,450,3181
muh,2479,252,450,3181
mui,2479,252,450,3181
muj,2479,252,450,3181
mur,2479,252,450,3181
mus,2479,252,450,3181
musa,334,252,450,1036
mux,2474,252,450,3176
mvc,2479,252,450,3181
mvcb,455,252,421,1128
mvf,2479,252,450,3181
mvis,2479,252,450,3181
mvo,2003,252,450,2705
mvt,2479,252,450,3181
mwa,2165,252,450,2867
mx,957,252,450,1659
mxc,2365,244,417,3026
mxe,2469,252,448,3169
mxf,2479,252,450,3181
mxim,6241,252,450,6943
mxl,1203,252,450,1905
mxwl,2479,252,450,3181
myc,2479,252,450,3181
myd,2479,252,450,3181
mye,2479,252,450,3181
myf,2479,252,450,3181
mygn,2479,252,450,3181
myi,2479,252,450,3181
myj,2479,252,450,3181
myl,2479,252,450,3181
myn,2479,252,450,3181
myos,923,240,445,1608
myrg,1604,252,450,2306
mza,2417,248,436,3101
mzf,2479,252,450,3181
mzor,401,252,450,1103
nac,2479,252,450,3181
nad,2479,252,450,3181
naii,2307,247,450,3004
nak,2479,252,450,3181
nan,2479,252,450,3181
nano,2479,252,450,3181
nat,2479,252,450,3181
nath,2457,252,450,3159
nati,2479,252,450,3181
natr,2312,252,450,3014
nauh,1370,252,426,2048
nav,11353,252,450,12055
navb,751,252,450,1453
navg,2479,252,450,3181
naz,2448,252,450,3150
nbb,1179,252,450,1881
nbd,1936,252,450,2638
nbh,2479,252,450,3181
nbhc,573,252,450,1275
nbix,2479,252,450,3181
nbl,2479,252,450,3181
nbn,1921,234,432,2587
nbo,2479,252,450,3181
nbr,6004,252,450,6706
nbtb,2479,252,450,3181
nbw,2477,252,450,3179
nby,1805,252,450,2507
nc,2479,252,450,3181
nca,2479,252,450,3181
ncb,1416,249,445,2110
nci,2479,252,450,3181
nclh,492,252,450,1194
ncmi,1989,252,450,2691
ncr,4542,252,450,5244
ncs,2479,252,450,3181
ncty,2479,252,443,3174
ncv,2479,252,450,3181
ncz,2479,252,450,3181
ndaq,2479,252,449,3180
ndls,381,252,450,1083
ndp,611,252,450,1313
ndro,792,252,450,1494
ndsn,2479,252,450,3181
ne,6240,252,450,6942
nea,2479,252,450,3181
nee,2479,252,450,3181
nee_c,1097,252,427,1776
nee_i,529,252,450,1231
nee_j,491,252,450,1193
nem,8004,252,450,8706
nen,1862,222,250,2334
neo,518,252,450,1220
neog,2479,252,450,3181
neon,671,252,450,1373
nept,1959,252,450,2661
nete,558,252,450,1260
neu,2479,252,450,3181
nev,1326,252,450,2028
news,2025,252,450,2727
newt,2433,252,450,3135
nfbk,1798,252,450,2500
nfec,1696,236,434,2366
nfg,2479,252,450,3181
nfj,2479,252,450,3181
nflx,2479,252,450,3181
nfx,2479,252,450,3181
ng,2479,252,450,3181
ngd,2452,252,450,3154
ngg,2479,252,450,3181
ngl,914,252,450,1616
ngs,2479,252,450,3181
ngvc,613,252,450,1315
nhc,2478,252,450,3180
nhf,2145,252,450,2847
nhi,2478,252,450,3180
nhs,2479,252,450,3181
ni,7613,252,450,8315
nice,2479,252,450,3181
nick,2454,252,442,3148
nid,521,252,450,1223
nie,1979,252,450,2681
nim,2479,252,450,3181
niq,478,252,450,1180
njr,2479,252,450,3181
njv,1413,252,446,2111
nke,6898,252,450,7600
nkg,2437,252,448,3137
nksh,2352,252,450,3054
nktr,2476,252,450,3178
nkx,2466,252,450,3168
nl,2479,252,450,3181
nlnk,786,252,450,1488
nls,2479,252,450,3181
nlsn,988,252,450,1690
nlst,2028,252,450,2730
nly,2479,252,450,3181
nly_c,653,252,450,1355
nly_d,574,252,450,1276
nm,2477,252,450,3179
nmfc,908,252,450,1610
nmi,2476,252,450,3178
nmih,288,252,450,990
nmk_b,369,73,124,566
nmk_c,366,79,124,569
nml,447,252,450,1149
nmm,1796,252,450,2498
nmr,2479,252,450,3181
nmrx,2428,252,450,3130
nmt,2434,252,448,3134
nmy,2478,252,450,3180
nmz,2479,252,450,3181
nna,1553,252,450,2255
nnbr,962,252,450,1664
nnc,2460,252,450,3162
nni,2479,252,450,3181
nnn,2479,252,450,3181
nnn_e,400,252,450,1102
nnvc,320,252,450,1022
nny,2478,252,450,3180
noa,2040,252,450,2742
noah,1039,252,450,1741
noc,8323,252,450,9025
nog,1909,252,450,2611
nok,2479,252,450,3181
nom,2112,241,385,2738
nov,2479,252,450,3181
novt,2480,252,450,3182
now,630,252,450,1332
np,2479,252,450,3181
npk,2479,252,450,3181
npn,1342,235,365,1942
npo,2479,252,450,3181
nptn,982,252,450,1684
npv,2474,252,450,3176
nq,919,252,450,1621
nqp,2479,252,450,3181
nr,2479,252,450,3181
nrcia,404,252,450,1106
nrcib,396,219,379,994
nrg,2479,252,450,3181
nrim,2448,252,450,3150
nrk,2440,252,450,3142
nro,2479,252,450,3181
nrp,2479,252,450,3181
nrt,2479,252,450,3181
nrz,421,252,450,1123
ns,2479,252,450,3181
nsc,8218,252,450,8920
nsec,1623,185,301,2109
nsh,2132,252,450,2834
nsit,2479,252,450,3181
nsl,2479,252,450,3181
nsm,709,252,450,1411
nsp,960,252,450,1662
nspr,436,252,450,1138
nss,486,252,450,1188
nssc,2474,250,450,3174
nstg,383,252,450,1085
nsu,2479,252,450,3181
nsys,1879,225,383,2487
ntap,4808,252,450,5510
ntc,2453,252,450,3155
ntct,2479,252,450,3181
ntes,2479,252,450,3181
ntg,1116,252,450,1818
ntgr,2479,252,450,3181
ntic,2248,226,400,2874
ntl,2427,241,428,3096
ntn,2463,250,441,3154
ntp,2479,252,450,3181
ntri,2479,252,450,3181
ntrp,266,229,409,904
ntrs,6242,252,450,6944
ntwk,2479,252,450,3181
ntx,2472,252,450,3174
ntz,2449,241,442,3132
nuan,2479,252,450,3181
nue,7899,252,450,8601
num,2478,252,450,3180
nuo,2476,252,450,3178
nuro,815,252,450,1517
nus,2479,252,450,3181
nuv,2479,252,450,3181
nuva,2479,252,450,3181
nuw,1474,252,450,2176
nvax,2479,252,450,3181
nvcn,504,252,449,1205
nvda,4011,252,450,4713
nvec,2479,252,450,3181
nvg,2479,252,450,3181
nvgn,716,252,449,1417
nvgs,444,252,450,1146
nviv,1049,252,450,1751
nvln,2479,252,450,3181
nvmi,2394,252,450,3096
nvo,2479,252,450,3181
nvr,2479,252,450,3181
nvs,2479,252,450,3181
nwbi,2479,252,450,3181
nwe,2479,252,450,3181
nwfl,1833,224,428,2485
nwl,7678,252,450,8380
nwli,2470,250,450,3170
nwn,2479,252,450,3181
nwpx,2479,252,450,3181
nws,385,252,450,1087
nwsa,385,252,450,1087
nwy,2479,252,450,3181
nx,1692,252,450,2394
nxc,2477,252,450,3179
nxj,2473,252,450,3175
nxn,2455,252,449,3156
nxp,2479,252,450,3181
nxpi,1109,252,450,1811
nxq,2479,252,450,3181
nxr,2479,252,450,3181
nxst,2472,252,450,3174
nxtd,345,252,450,1047
nxtm,2310,252,450,3012
nycb,2479,252,450,3181
nyh,2421,251,447,3119
nymt,2451,252,450,3153
nymtp,395,252,449,1096
nymx,2477,252,450,3179
nyny,765,252,450,1467
nyt,7175,252,450,7877
nyv,1425,252,431,2108
nzf,2479,252,450,3181
o,2479,252,450,3181
oak,685,252,450,1387
oaks,449,252,450,1151
oas,1144,252,450,1846
obas,2013,139,203,2355
obci,2348,246,427,3021
obe,2466,252,450,3168
oc,2084,252,450,2786
occ,902,236,416,1554
ocfc,2479,252,450,3181
ocip,313,252,448,1013
oclr,2479,252,450,3181
ocn,2479,252,450,3181
ocrx,924,252,450,1626
ocsi,372,252,450,1074
ocsl,1651,252,450,2353
ocsll,436,248,447,1131
odc,2447,252,450,3149
odfl,2480,252,450,3182
odp,6240,252,450,6942
oesx,1771,252,450,2473
ofc,2479,252,450,3181
ofed,466,105,258,829
ofg,2479,252,450,3181
ofg_a,746,227,400,1373
ofg_b,802,229,397,1428
ofg_d,342,211,415,968
ofix,2479,252,450,3181
oflx,2309,251,449,3009
ofs,540,252,450,1242
oge,2479,252,450,3181
ogen,435,252,449,1136
ohai,2479,252,450,3181
ohgi,1115,251,450,1816
ohi,2479,252,450,3181
ohrp,391,252,450,1093
oi,2479,252,450,3181
oia,2479,252,450,3181
oii,2479,252,450,3181
oiim,2479,252,450,3181
ois,2479,252,450,3181
oke,2479,252,450,3181
oksb,2479,252,434,3165
olbk,1898,251,450,2599
oled,2479,252,450,3181
oln,2479,252,450,3181
olp,2479,252,450,3181
omab,2030,252,450,2732
omc,6239,252,450,6941
omcl,2479,252,450,3181
ome,2476,252,450,3178
omed,368,252,450,1070
omer,1317,252,450,2019
omex,2479,252,450,3181
omf,305,252,450,1007
omi,2479,252,450,3181
omn,2479,252,450,3181
on,2479,252,450,3181
onb,2479,252,450,3181
oncs,941,252,450,1643
onp,1608,252,448,2308
ontx,363,252,450,1065
onvi,2255,214,350,2819
onvo,373,252,450,1075
ophc,1617,215,309,2141
opht,320,252,450,1022
opk,2447,252,450,3149
opof,2079,235,424,2738
optt,1937,252,450,2639
opy,2475,252,450,3177
ora,2479,252,450,3181
oran,2479,252,450,3181
orbc,2053,252,450,2755
orbk,2479,252,450,3181
orc,474,252,450,1176
orcl,6764,252,450,7466
orex,1936,252,450,2638
ori,2479,252,450,3181
orig,813,252,450,1515
orit,1999,252,450,2701
orly,2479,252,450,3181
orm,380,252,450,1082
ormp,476,252,450,1178
orn,1769,252,450,2471
orrf,2134,248,449,2831
osbc,2478,252,450,3180
osbcp,967,241,366,1574
osis,2479,252,450,3181
osk,2479,252,450,3181
osle,544,251,439,1234
osn,930,246,432,1608
ostk,2479,252,450,3181
osur,2478,252,450,3180
otel,394,243,423,1060
otex,2479,252,450,3181
otiv,2478,252,450,3180
ottr,2479,252,450,3181
ovas,422,252,450,1124
ovbc,1756,205,417,2378
ovly,1727,218,365,2310
oxfd,278,252,450,980
oxlc,975,252,450,1677
oxlco,372,249,421,1042
oxm,2479,252,450,3181
oxy,8323,252,450,9025
ozm,1795,252,450,2497
ozrk,2479,252,450,3181
p,891,252,450,1593
paa,2479,252,450,3181
paas,2479,252,450,3181
pac,2221,252,450,2923
pacb,1049,252,450,1751
pacw,2479,252,450,3181
pag,2479,252,450,3181
pagp,305,252,450,1007
pai,2479,252,450,3181
pam,1315,252,450,2017
panw,616,252,450,1318
par,2475,252,450,3177
patk,2319,252,450,3021
pay,2436,252,450,3138
payx,6240,252,450,6942
pb,756,252,450,1458
pba,692,252,450,1394
pbct,2479,252,450,3181
pbf,516,252,450,1218
pbh,2479,252,450,3181
pbhc,945,232,383,1560
pbi,8322,252,450,9024
pbi_b,454,252,450,1156
pbib,1931,247,407,2585
pbip,1949,244,447,2640
pbmd,592,249,450,1291
pbpb,313,252,450,1015
pbr,2479,252,450,3181
pbr-a,1097,252,450,1799
pbsk,640,178,307,1125
pbt,2479,252,450,3181
pbyi,552,252,450,1254
pcar,7179,252,450,7881
pcbk,2426,252,442,3120
pcf,2479,252,450,3181
pcg,8822,252,450,9524
pcg_a,1056,241,432,1729
pcg_b,786,198,314,1298
pcg_c,595,115,216,926
pcg_d,917,222,363,1502
pcg_e,647,148,266,1061
pcg_g,589,156,228,973
pcg_h,668,153,273,1094
pcg_i,467,98,174,739
pch,2479,252,450,3181
pci,486,252,450,1188
pck,2479,252,450,3181
pcln,2479,252,450,3181
pcm,2478,252,450,3180
pcmi,2478,252,450,3180
pcn,2479,252,450,3181
pco,866,252,450,1568
pcom,2434,252,449,3135
pcq,2479,252,450,3181
pcrx,981,252,450,1683
pcti,2479,252,450,3181
pcyg,2413,252,450,3115
pcyo,2439,252,449,3140
pdce,634,252,450,1336
pdco,5585,252,450,6287
pdex,2355,247,447,3049
pdfs,2479,252,450,3181
pdi,654,252,450,1356
pdli,2479,252,450,3181
pdm,1232,252,450,1934
pdp,1974,252,450,2676
pds,2479,252,450,3181
pdt,2479,252,450,3181
peb,1274,252,450,1976
peb_c,446,244,413,1103
pebk,2158,216,408,2782
pebo,2479,252,450,3181
ped,330,252,450,1032
peg,8828,252,450,9530
pega,2479,252,450,3181
pegi,318,252,450,1020
pei,2479,252,450,3181
pei_b,537,224,412,1173
peix,877,252,450,1579
penn,2479,252,450,3181
peo,2479,252,450,3181
pep,9585,252,450,10287
per,851,252,450,1553
peri,788,252,450,1490
pery,2479,252,450,3181
pes,2479,252,450,3181
pesi,2475,251,448,3174
pets,2479,252,450,3181
petx,382,252,450,1084
pf,445,252,450,1147
pfbc,864,252,450,1566
pfbi,2305,252,450,3007
pfbx,1983,207,344,2534
pfd,2479,252,450,3181
pfe,8320,252,450,9022
pfg,3321,252,450,4023
pfh,1079,249,444,1772
pfi,2053,251,446,2750
pfin,2189,244,421,2854
pfk,1071,247,435,1753
pfl,2479,252,450,3181
pflt,935,252,450,1637
pfmt,601,252,450,1303
pfn,2479,252,450,3181
pfo,2479,252,450,3181
pfpt,679,252,450,1381
pfs,2479,252,450,3181
pfsi,416,252,450,1118
pfsw,2477,252,450,3179
pg,11353,252,450,12055
pgc,2457,252,450,3159
pgem,406,252,450,1108
pgh,2121,252,450,2823
pglc,1010,252,450,1712
pgnx,2478,252,450,3180
pgp,2417,252,450,3119
pgr,7179,252,450,7881
pgti,2141,252,450,2843
pgz,383,252,450,1085
ph,7438,252,450,8140
phd,2479,252,450,3181
phg,2479,252,450,3181
phh,2479,252,450,3181
phi,2479,252,450,3181
phii,1889,185,368,2442
phiik,2451,252,450,3153
phk,2479,252,450,3181
phm,7438,252,450,8140
pho,2282,252,450,2984
pht,2479,252,450,3181
phx,2478,252,450,3180
phys,1221,252,450,1923
pico,2479,252,450,3181
pid,2339,252,450,3041
pii,2479,252,450,3181
pim,2479,252,450,3181
pinc,319,252,450,1021
pir,2479,252,450,3181
piy,920,194,414,1528
piz,1761,252,450,2463
pjc,2479,252,450,3181
pjh,517,252,450,1219
pkbk,2217,241,446,2904
pkd,2479,252,450,3181
pke,2479,252,450,3181
pkg,2479,252,450,3181
pki,8004,252,450,8706
pko,1786,252,450,2488
pkoh,2479,252,450,3181
pkw,2017,252,450,2719
pkx,2479,252,450,3181
pky,2479,252,427,3158
plab,2479,252,450,3181
plbc,1967,218,415,2600
plce,2479,252,450,3181
pld,4869,252,450,5571
plg,2416,252,450,3118
plm,2478,252,450,3180
plow,1174,252,450,1876
plpc,2427,252,446,3125
plpm,513,252,450,1215
plt,2479,252,450,3181
plug,889,252,450,1591
plus,2472,252,450,3174
plw,1818,252,450,2520
plx,2227,252,450,2929
plxs,2479,252,450,3181
pm,1711,252,450,2413
pmbc,2461,249,450,3160
pmc,1878,252,450,2580
pmd,2471,252,450,3173
pme,501,242,434,1177
pmf,2479,252,450,3181
pml,2479,252,450,3181
pmm,2479,252,450,3181
pmo,2479,252,450,3181
pmt,1366,252,450,2068
pmx,2479,252,450,3181
pnbk,2109,166,210,2485
pnc,6631,252,450,7333
pnc-ws,1097,252,449,1798
pnc_p,672,252,450,1374
pnc_q,569,252,450,1271
pnf,2477,252,450,3179
pnfp,2479,252,450,3181
pni,2479,252,450,3181
pnk,2479,252,450,3181
pnm,2479,252,450,3181
pnnt,1941,252,450,2643
pnr,2479,252,450,3181
pnrg,2026,128,175,2329
pntr,2008,251,444,2703
pnw,7678,252,450,8380
podd,1923,252,450,2625
pol,2479,252,450,3181
pool,2479,252,450,3181
pope,2371,217,395,2983
por,2203,252,450,2905
post,729,252,450,1431
pot,2479,252,450,3181
powi,2479,252,450,3181
powl,2479,252,450,3181
ppbi,2367,252,450,3069
ppc,2479,252,450,3181
ppg,8004,252,450,8706
pphm,2479,252,450,3181
ppih,2458,252,442,3152
ppl,7495,252,450,8197
ppr,2479,252,450,3181
ppsi,266,172,380,818
ppt,2479,252,450,3181
ppx,453,252,450,1155
pq,2479,252,450,3181
pra,2479,252,450,3181
praa,2479,252,450,3181
pran,2450,252,450,3152
prcp,2463,252,450,3165
pre_f,472,252,445,1169
prft,2479,252,450,3181
prgo,2479,252,450,3181
prgs,2479,252,450,3181
prgx,2479,252,450,3181
prh,450,252,450,1152
pri,1197,252,450,1899
prim,1868,252,450,2570
prk,2479,252,450,3181
prkr,2479,252,450,3181
prlb,718,252,450,1420
prmw,1041,252,450,1743
pro,1892,252,450,2594
prov,2452,252,450,3154
prph,2404,250,439,3093
prsc,2479,252,450,3181
prss,694,251,450,1395
prta,508,252,450,1210
prtk,2172,252,449,2873
prts,1986,252,450,2688
pru,3283,252,450,3985
psa,2479,252,450,3181
psa_u,637,252,450,1339
psa_v,572,252,450,1274
psa_w,493,252,450,1195
psa_x,455,252,450,1157
psb,2479,252,450,3181
psb_t,663,252,450,1365
psb_u,576,252,450,1278
psb_v,454,251,450,1155
psdv,2440,252,450,3142
psec,2476,252,450,3178
psf,1029,252,450,1731
psl,2039,252,449,2740
pslv,1046,252,450,1748
psmt,2479,252,450,3181
pso,2479,252,450,3181
pstb,1406,252,450,2108
psti,2459,252,450,3161
psx,670,252,450,1372
psxp,365,252,450,1067
ptc,269,252,450,971
ptct,387,252,449,1088
pten,5271,252,450,5973
ptf,2053,252,450,2755
pth,2064,252,450,2766
ptie,2478,252,450,3180
ptla,407,252,450,1109
ptn,2478,252,450,3180
ptnr,2479,252,441,3172
ptr,2477,252,450,3179
ptsi,2433,252,450,3135
ptx,2267,252,450,2969
pty,2479,252,450,3181
pui,2305,250,450,3005
puk,2479,252,450,3181
puk_,2479,252,450,3181
puk_a,1097,252,450,1799
pvg,746,252,450,1448
pvh,2479,252,450,3181
pw,2277,246,396,2919
pwod,2248,252,448,2948
pwr,2479,252,450,3181
px,5677,252,450,6379
pxd,2473,252,450,3175
pxi,2066,252,450,2768
pxlw,2479,252,450,3181
pyn,2477,252,450,3179
pys,1088,247,430,1765
pyt,944,172,322,1438
pyz,2058,252,450,2760
pzc,2479,252,450,3181
pze,1322,252,450,2024
pzg,2324,252,450,3026
pzn,1809,252,450,2511
pzza,2479,252,450,3181
q,416,252,450,1118
qada,1014,252,450,1716
qadb,2393,197,308,2898
qbak,2232,220,424,2876
qcom,5805,252,450,6507
qcrh,2197,252,450,2899
qdel,2479,252,450,3181
qep,1144,252,450,1846
qgen,2479,252,450,3181
qiwi,420,252,450,1122
qlys,567,252,450,1269
qnst,1231,252,450,1933
qqqx,1998,252,450,2700
qrhc,1121,252,449,1822
qsii,2479,252,450,3181
qtm,2479,252,450,3181
qtrh,902,252,450,1604
qts,310,252,450,1012
quad,1131,252,450,1833
quik,2479,252,450,3181
qumu,2479,249,450,3178
qvca,2180,252,450,2882
qvcb,1256,103,190,1549
r,8828,252,450,9530
rad,2479,252,450,3181
rada,2178,252,450,2880
rail,2453,252,450,3155
rand,1835,200,371,2406
ras,2479,252,450,3181
ras_a,1095,252,450,1797
ras_b,1083,249,444,1776
ras_c,1074,247,431,1752
rate,889,252,448,1589
rave,5148,252,450,5850
ravn,2479,252,450,3181
rba,2479,252,450,3181
rbc,2479,252,450,3181
rbcaa,2479,252,450,3181
rbcn,1793,252,450,2495
rbpaa,2394,251,450,3095
rbs,1818,252,450,2520
rbs_s,1097,252,450,1799
rcg,2324,219,396,2939
rci,2479,252,450,3181
rcii,2479,252,450,3181
rcky,2476,252,450,3178
rcl,2479,252,450,3181
rcmt,2469,252,447,3168
rcon,1357,252,450,2059
rcs,2479,252,450,3181
rdc,8002,252,450,8704
rdcm,2399,252,450,3101
rdhl,414,252,450,1116
rdi,2379,252,450,3081
rdn,2479,252,450,3181
rdnt,2450,252,450,3152
rds-a,1097,252,450,1799
rds-b,1097,252,450,1799
rdwr,2479,252,450,3181
rdy,2479,252,450,3181
re,2479,252,450,3181
recn,2479,252,450,3181
reed,2007,252,450,2709
refr,2479,252,449,3180
reg,2479,252,450,3181
regi,740,252,450,1442
regn,2479,251,450,3180
rei,336,252,450,1038
reis,2319,252,450,3021
rell,2479,252,450,3181
relv,2459,244,443,3146
relx,2479,252,450,3181
ren,1807,252,450,2509
renn,920,252,450,1622
renx,2479,252,450,3181
res,2479,252,450,3181
resi,507,252,450,1209
rev,2479,252,450,3181
rex,2479,252,450,3181
rexr,367,252,450,1069
rexx,1874,252,450,2576
rf,3425,252,450,4127
rf_a,542,252,450,1244
rfi,2479,252,450,3181
rfil,2417,252,450,3119
rfp,1012,252,450,1714
rga,2479,252,450,3181
rgc,2479,252,450,3181
rgco,2088,221,434,2743
rgen,2479,252,450,3181
rgld,2479,252,450,3181
rgls,563,252,450,1265
rgr,2479,252,450,3181
rgs,2479,252,450,3181
rgse,1674,252,450,2376
rgt,301,252,450,1003
rh,544,252,450,1246
rhi,5720,252,450,6422
rhp,2479,252,450,3181
rht,2479,252,450,3181
ribt,263,251,447,961
ric,2479,252,450,3181
rick,2479,252,450,3181
rif,2164,252,450,2866
rig,5437,252,450,6139
rigl,2479,252,450,3181
rio,2480,252,450,3182
riot,841,252,450,1543
rjf,2479,252,450,3181
rl,2479,252,450,3181
rlgt,739,252,450,1441
rlgy,558,252,450,1260
rlh,2479,252,450,3181
rli,2479,252,450,3181
rlj,915,252,450,1617
rlje,511,249,444,1204
rlog,2169,252,450,2871
rm,695,252,450,1397
rmax,315,252,450,1017
rmbs,2479,252,450,3181
rmcf,2477,251,450,3178
rmd,2479,252,450,3181
rmgn,501,250,450,1201
rmt,2479,252,450,3181
rmti,2478,252,450,3180
rnet,1015,252,450,1717
rng,318,252,450,1020
rnn,2000,252,450,2702
rnp,2479,252,450,3181
rnr,2479,252,450,3181
rnr_c,1096,250,446,1792
rnr_e,401,252,450,1103
rnst,2479,252,450,3181
rnva,819,252,437,1508
rnwk,818,252,450,1520
rock,2479,252,450,3181
rog,2479,252,450,3181
roic,1773,252,450,2475
rok,8320,252,450,9022
rol,2479,252,450,3181
roll,2365,252,450,3067
rop,2479,252,450,3181
rosg,857,252,450,1559
rost,7179,252,450,7881
rox,2181,252,450,2883
royt,670,252,450,1372
rp,1105,252,450,1807
rpai,689,252,450,1391
rpm,2479,252,450,3181
rprx,2480,252,450,3182
rpt,2479,252,450,3181
rpt_d,785,175,348,1308
rpxc,920,252,450,1622
rqi,2479,252,450,3181
rrc,2479,252,450,3181
rrd,7431,252,450,8133
rrgb,2479,252,450,3181
rrts,1168,252,450,1870
rs,2479,252,450,3181
rsg,2479,252,450,3181
rsls,1783,252,450,2485
rso,2241,252,450,2943
rso_a,599,247,426,1272
rso_b,564,252,450,1266
rst,1439,252,450,2141
rsys,2479,252,450,3181
rt,2479,252,450,3181
rtec,2479,252,450,3181
rtix,2479,252,450,3181
rtk,2479,252,430,3161
rtn,8321,252,450,9023
rtrx,582,252,450,1284
rusha,2479,252,450,3181
rushb,2461,250,450,3161
ruth,2366,252,450,3068
rvlt,2306,252,450,3008
rvp,2353,252,445,3050
rvsb,2448,252,448,3148
rvt,2479,252,450,3181
rwc,2470,251,447,3168
rwt,2479,252,450,3181
rxii,665,252,450,1367
rxn,694,252,450,1396
ry,2479,252,450,3181
ryaay,4421,252,450,5123
ryn,2479,252,450,3181
rza,591,252,450,1293
s,2478,252,450,3180
sa,2479,252,450,3181
saex,486,236,441,1163
safm,2479,252,450,3181
saft,2479,252,450,3181
sah,2479,252,450,3181
saia,2479,252,450,3181
saic,315,252,450,1017
sal,2007,218,393,2618
salm,2453,252,450,3155
salt,265,252,450,967
sam,2479,252,450,3181
samg,382,252,450,1084
san,2479,252,450,3181
san_a,1096,251,444,1791
san_b,1097,252,450,1799
san_c,1093,242,435,1770
san_i,1092,235,406,1733
sand,595,252,450,1297
sanm,5399,252,450,6101
sanw,1140,252,450,1842
sap,2479,252,450,3181
sar,1931,252,450,2633
sasr,2479,252,450,3181
sats,1763,252,450,2465
sauc,430,252,449,1131
save,904,252,450,1606
sb,1661,252,450,2363
sb_b,297,177,207,681
sbac,2479,252,450,3181
sbbx,1863,227,435,2525
sbcf,2479,252,450,3181
sbfg,2199,238,421,2858
sbgi,2479,252,450,3181
sbgl,468,252,450,1170
sbh,2046,252,450,2748
sbi,2478,252,450,3180
sblk,2227,252,450,2929
sbny,2479,252,450,3181
sbr,2479,252,450,3181
sbra,2480,252,450,3182
sbrap,435,246,425,1106
sbs,2479,252,450,3181
sbsi,2479,252,450,3181
sbux,5671,252,450,6373
scco,2479,252,450,3181
scd,2479,252,450,3181
sce_b,694,215,298,1207
sce_c,836,190,360,1386
sce_d,867,203,367,1437
sce_e,835,205,391,1431
sce_g,482,252,450,1184
scg,2479,252,450,3181
schl,2479,252,450,3181
schn,2479,252,450,3181
schw,6426,252,450,7128
sci,2479,252,450,3181
scl,2479,252,450,3181
scln,2479,252,430,3161
scm,540,252,450,1242
scmp,1868,252,450,2570
scon,2479,252,450,3181
scs,2479,252,450,3181
scsc,2479,252,450,3181
scvl,2479,252,450,3181
scx,2472,252,450,3174
sdlp,552,252,450,1254
sdr,681,252,450,1383
sdrl,2299,252,450,3001
sdt,935,252,450,1637
seac,2479,252,450,3181
seas,430,252,450,1132
seb,4882,252,450,5584
see,6800,252,450,7502
seed,2477,252,450,3179
seic,2479,252,450,3181
sem,1326,252,450,2028
semg,1168,252,450,1870
senea,2157,252,450,2859
seneb,1266,100,121,1487
sep,1893,252,450,2595
sf,2479,252,450,3181
sfbc,460,181,340,981
sfe,2479,252,450,3181
sfl,2479,252,450,3181
sfly,2078,252,450,2780
sfm,358,252,450,1060
sfnc,2479,252,450,3181
sfst,2019,236,450,2705
sfun,1077,252,450,1779
sga,2447,252,450,3149
sgb,1699,223,370,2292
sgc,2354,252,450,3056
sgen,2478,252,450,3180
sgf,2479,252,450,3181
sgma,2403,251,450,3104
sgmo,2479,252,450,3181
sgms,2479,252,450,3181
sgoc,571,251,432,1254
sgrp,2032,219,413,2664
sgu,2479,252,450,3181
sgy,2479,252,450,3181
sgyp,752,252,450,1454
sgza,469,252,450,1171
shbi,2417,243,450,3110
shen,2479,252,450,3181
shg,2479,252,450,3181
shi,2478,252,450,3180
ship,838,247,429,1514
shld,2479,252,450,3181
shlm,2479,252,450,3181
shlo,2429,252,450,3131
sho,2479,252,450,3181
shoo,2479,252,450,3181
shos,554,252,450,1256
shpg,2479,252,450,3181
shsp,667,249,445,1361
shw,7437,252,450,8139
sid,2479,252,450,3181
sieb,1860,229,338,2427
sif,2376,252,403,3031
sifi,2263,250,450,2963
sify,2479,252,450,3181
sig,2479,252,450,3181
sigi,2479,252,450,3181
sigm,2479,252,450,3181
silc,2471,252,450,3173
sim,2479,252,442,3173
simo,2393,252,450,3095
sina,2479,252,450,3181
sino,1597,249,439,2285
sir,710,252,450,1412
siri,2479,252,450,3181
sivb,2479,252,450,3181
sivbo,869,204,365,1438
six,1169,252,450,1871
sji,2479,252,450,3181
sjm,2479,252,450,3181
sjr,2479,252,450,3181
sjt,2479,252,450,3181
sjw,2479,252,450,3181
skln,904,243,449,1596
skm,2479,252,450,3181
skt,2479,252,450,3181
skx,2479,252,450,3181
sky,2479,252,450,3181
skyw,2479,252,450,3181
slab,2479,252,450,3181
slb,8323,252,450,9025
slca,732,252,450,1434
slct,1831,238,423,2492
sld,478,252,450,1180
slf,2479,252,450,3181
slg,2478,252,450,3180
slg_i,599,251,445,1295
slgn,2479,252,450,3181
slm,6802,252,450,7504
slmbp,622,198,405,1225
slp,2444,252,450,3146
slra,516,252,447,1215
slrc,1233,252,450,1935
sm,2479,252,450,3181
smbc,1734,220,450,2404
smci,1955,252,450,2657
smed,2168,252,447,2867
smfg,2480,252,450,3182
smg,2479,252,450,3181
smi,2459,252,450,3161
smin,554,252,450,1256
smit,2028,157,376,2561
smlp,567,252,450,1269
smm,654,252,450,1356
smmf,2167,246,449,2862
smp,2479,252,450,3181
smrt,2479,252,450,3181
smsi,2479,252,450,3181
smtc,2479,252,450,3181
smtx,2468,248,447,3163
sn,764,252,450,1466
sna,7436,252,450,8138
snak,2479,252,450,3181
snbc,2479,252,450,3181
snbr,2479,252,450,3181
sncr,2152,252,450,2854
sne,2479,252,450,3181
snfca,2228,252,449,2929
snh,2479,252,450,3181
snhy,2479,252,450,3181
sni,1650,252,450,2352
snmp,2045,252,448,2745
snmx,2479,252,450,3181
snn,2479,252,450,3181
snoa,1999,252,450,2701
snp,2479,252,450,3181
snps,5754,252,450,6456
snss,955,252,450,1657
snv,6290,252,450,6992
snv_c,355,249,449,1053
snx,2479,252,450,3181
sny,2479,252,450,3181
so,8321,252,450,9023
soda,1044,252,450,1746
sofo,2451,246,400,3097
soho,2474,252,450,3176
sohu,2479,252,450,3181
sol,1744,252,450,2446
son,2479,252,450,3181
sona,1818,249,450,2517
sonc,2479,252,450,3181
sons,2479,252,450,3181
sor,2479,252,450,3181
sorl,2296,250,450,2996
sov_c,737,184,303,1224
sp,2474,252,450,3176
spa,2423,252,450,3125
spab,1894,252,450,2596
spar,2478,252,450,3180
spb,1341,252,450,2043
spcb,324,252,450,1026
spdw,1920,252,450,2622
spe,2469,252,449,3170
spem,1958,252,450,2660
spex,867,252,450,1569
spg,5297,252,450,5999
spg_j,877,196,390,1463
spgi,7438,252,450,8140
sph,2479,252,450,3181
sphs,774,252,450,1476
spib,1482,252,450,2184
spil,2479,252,449,3180
splb,1454,252,450,2156
splg,1981,249,450,2680
splk,680,252,450,1382
splp,642,249,429,1320
spmd,2234,252,441,2927
spn,2479,252,450,3181
spns,2231,252,450,2933
spok,2479,252,450,3181
sppi,2479,252,450,3181
sppp,512,252,450,1214
spr,2041,252,450,2743
sprt,2479,252,450,3181
spsb,1267,252,450,1969
spsc,1183,252,450,1885
spsm,353,252,450,1055
sptl,1866,252,450,2568
sptm,2455,252,449,3156
sptn,2479,252,450,3181
spts,570,252,450,1272
spwr,783,252,450,1485
spxc,2479,252,450,3181
spxx,2291,252,450,2993
sqbg,313,252,450,1015
sqm,2479,252,450,3181
sqns,932,252,450,1634
sr,2479,252,450,3181
src,572,252,450,1274
srce,2479,252,450,3181
srci,862,252,450,1564
srcl,2479,252,450,3181
srdx,2479,252,450,3181
sre,4152,252,450,4854
srev,946,252,450,1648
srf,718,252,450,1420
sri,2479,252,450,3181
srlp,298,252,450,1000
srne,297,252,450,999
srpt,2479,252,449,3180
srt,2478,250,447,3175
srv,1851,252,450,2553
ssb,2479,252,450,3181
ssbi,1853,228,419,2500
ssc,645,252,450,1347
ssd,2479,252,450,3181
ssfn,1718,206,399,2323
ssi,2479,252,450,3181
sskn,2295,252,450,2997
ssl,2479,252,450,3181
ssn,1738,252,450,2440
ssnc,1198,252,450,1900
ssni,456,252,450,1158
ssp,2479,252,450,3181
ssrm,2479,252,450,3181
sstk,558,252,450,1260
ssw,2366,252,450,3068
ssw_d,510,252,450,1212
ssy,2234,248,440,2922
ssys,2479,252,450,3181
st,1212,252,450,1914
staa,2479,252,450,3181
stag,893,252,450,1595
star,2479,252,450,3181
stay,285,252,450,987
stb,835,252,450,1537
stba,2479,252,450,3181
stbz,934,252,450,1636
stc,2479,252,450,3181
ste,2479,252,450,3181
stfc,2479,252,450,3181
sti,6807,252,450,7509
sti_e,506,252,450,1208
stk,1283,252,450,1985
stkl,2479,252,450,3181
stl,2479,252,450,3181
stld,2479,252,450,3181
stly,2477,252,450,3179
stm,2479,252,450,3181
stml,485,252,450,1187
stmp,2479,252,450,3181
stn,2390,252,450,3092
stng,1198,252,450,1900
sto,2479,252,450,3181
ston,2479,252,450,3181
stpp,920,116,288,1324
stra,2479,252,450,3181
strl,2479,252,450,3181
strm,2467,252,449,3168
strp,355,252,450,1057
strs,2151,198,450,2799
strt,2374,252,450,3076
stt,7180,252,450,7882
stt_c,588,252,450,1290
stwd,1357,252,450,2059
stx,2479,252,450,3181
stz,2479,252,450,3181
stz-b,776,130,200,1106
su,2479,252,450,3181
sui,2478,252,450,3180
sui_a,510,217,354,1081
sumr,2224,252,450,2926
sun,573,252,450,1275
suns,963,252,450,1665
sunw,1089,252,450,1791
sup,2479,252,450,3181
supn,672,252,450,1374
susa,2475,252,450,3177
sva,2479,252,450,3181
svbi,2246,229,411,2886
svra,2479,252,450,3181
svt,1934,214,405,2553
svu,7438,252,450,8140
svvc,924,252,450,1626
swir,2479,252,450,3181
swj,612,252,450,1314
swk,7438,252,450,8140
swks,2479,252,450,3181
swm,2479,252,450,3181
swn,2479,252,450,3181
swx,2479,252,450,3181
swz,2479,252,450,3181
sxc,866,252,450,1568
sxcp,492,252,450,1194
sxe,544,252,450,1246
sxi,2479,252,450,3181
sxt,2479,252,450,3181
sybt,2479,252,450,3181
syk,6782,252,450,7484
syke,2479,252,450,3181
symc,6242,252,450,6944
symx,2139,252,450,2841
syn,2275,252,450,2977
syna,2479,252,450,3181
sync,727,252,450,1429
synl,2419,252,450,3121
synt,2479,252,450,3181
sypr,2474,252,449,3175
syt,2479,252,448,3179
syx,2479,252,450,3181
syy,6916,252,450,7618
szc,569,252,450,1271
t,7679,252,450,8381
ta,1996,252,450,2698
tac,2479,252,450,3181
tact,2472,252,450,3174
taho,667,252,450,1369
tait,1640,190,405,2235
tal,1053,252,450,1755
tap,2479,252,450,3181
taro,699,252,450,1401
tast,2024,252,450,2726
tat,2299,252,450,3001
tatt,2311,204,395,2910
tax,625,252,450,1327
tayd,2395,232,436,3063
tbbk,2479,252,450,3181
tbi,2479,252,450,3181
tbnk,1379,252,450,2081
tcap,1983,252,450,2685
tcbi,2479,252,450,3181
tcbil,551,248,429,1228
tcbip,436,252,450,1138
tcbk,2479,252,450,3181
tcca,544,250,434,1228
tcco,1994,217,406,2617
tcf,2479,252,450,3181
tcf_c,510,251,439,1200
tci,2102,225,350,2677
tco,2479,252,450,3181
tco_j,597,251,445,1293
tco_k,449,247,433,1129
tcp,767,252,450,1469
tcpc,690,252,450,1392
tcrd,1183,252,450,1885
tcs,293,252,450,995
tcx,2476,252,450,3178
td,2479,252,450,3181
tda,523,252,450,1225
tdc,1839,252,450,2541
tde,1029,252,450,1731
tdf,2479,252,450,3181
tdg,2216,252,450,2918
tdi,1094,252,446,1792
tdj,946,252,450,1648
tds,2479,252,450,3181
tdw,2479,252,450,3181
tdy,2479,252,450,3181
tear,2438,252,448,3138
tecd,2479,252,450,3181
tech,2479,252,450,3181
teck,2469,252,450,3171
tef,2479,252,450,3181
tei,2479,252,450,3181
tel,1901,252,450,2603
tell,2479,252,450,3181
ten,2479,252,450,3181
tenx,2479,252,450,3181
teo,2479,252,450,3181
tep,413,252,450,1115
ter,7009,252,450,7711
teso,2479,252,450,3181
tess,2474,252,450,3176
teum,772,252,450,1474
teva,6215,252,450,6917
tex,2479,252,450,3181
tfsl,1938,252,450,2640
tfx,2479,252,450,3181
tg,2479,252,450,3181
tga,2479,252,450,3181
tgb,2479,252,450,3181
tgc,2479,252,450,3181
tgh,1820,252,450,2522
tgi,2479,252,450,3181
tgls,325,242,450,1017
tgna,7435,252,450,8137
tgp,2432,252,450,3134
tgs,2475,252,450,3177
tgt,8004,252,450,8706
tgtx,401,252,450,1103
thc,8320,252,450,9022
thff,2479,252,450,3181
thg,2479,252,450,3181
thga,444,252,450,1146
thm,2041,252,450,2743
tho,2479,252,450,3181
thr,919,252,450,1621
thrm,2478,252,450,3180
ths,2403,252,450,3105
thst,366,237,444,1047
ti,2479,252,450,3181
ti-a,1097,252,450,1799
ticc,2479,252,450,3181
tif,6805,252,450,7507
tik,1687,249,422,2358
tile,2479,252,450,3181
tipt,317,252,450,1019
tis,2200,252,450,2902
tisa,2375,252,446,3073
tisi,2479,252,449,3180
titn,1780,252,450,2482
tivo,1097,252,450,1799
tjx,6801,252,450,7503
tk,2479,252,450,3181
tkc,2479,252,450,3181
tkf,6272,252,448,6972
tkr,2479,252,450,3181
tlf,2375,243,427,3045
tlgt,2331,252,450,3033
tli,2479,252,450,3181
tlk,2479,252,450,3181
tlp,2418,252,450,3120
tlra,382,252,450,1084
tlrd,2479,252,450,3181
tlys,669,252,450,1371
tm,2479,252,450,3181
tmhc,437,252,450,1139
tmk,6807,252,450,7509
tmk_b,568,252,449,1269
tmo,6890,252,450,7592
tmp,2478,252,450,3180
tmq,670,252,450,1372
tmus,1941,252,450,2643
tnav,1168,252,450,1870
tnc,2479,252,450,3181
tndm,284,252,450,986
tnh,2479,252,450,3181
tnk,1775,252,450,2477
tnp,2479,252,450,3181
tnp_b,408,240,410,1058
tnp_c,311,240,429,980
tnxp,544,252,450,1246
tol,2479,252,450,3181
too,2025,252,450,2727
too_a,421,252,450,1123
tops,835,248,447,1530
torm,2297,193,344,2834
tot,2479,252,450,3181
town,2477,252,449,3178
towr,1057,252,450,1759
tpc,2479,252,450,3181
tph,484,252,450,1186
tpl,2475,252,450,3177
tpr,2479,252,450,3181
tpre,348,252,450,1050
tpx,2479,252,450,3181
tpz,1367,252,450,2069
tr,1097,252,450,1799
trc,2479,252,450,3181
trcb,1790,228,439,2457
trch,262,252,450,964
trec,2438,252,450,3140
tree,1608,252,450,2310
trex,2479,252,450,3181
trgp,1021,252,450,1723
tri,2479,252,450,3181
trib,2479,252,450,3181
tril,740,252,450,1442
trip,760,252,450,1462
trk,2479,252,450,3181
trmb,2479,252,450,3181
trmk,2479,252,450,3181
trn,2479,252,450,3181
trno,1232,252,450,1934
trns,2083,239,439,2761
trov,651,252,450,1353
trow,6369,252,450,7071
trox,639,252,450,1341
trp,2475,252,450,3177
trq,2479,252,450,3181
trs,1920,252,450,2622
trst,2479,252,450,3181
trt,2201,245,431,2877
trv,2479,252,450,3181
trx,893,252,450,1595
trxc,4850,252,450,5552
ts,2479,252,450,3181
tsbk,2320,237,448,3005
tsc,416,252,450,1118
tsco,2479,252,450,3181
tsem,2478,252,450,3180
tsi,2479,252,450,3181
tsla,1136,252,450,1838
tslf,323,252,450,1025
tsm,2479,252,450,3181
tsn,2479,252,450,3181
tsri,2079,188,387,2654
tsro,631,252,450,1333
tss,2479,252,450,3181
tst,2480,252,450,3182
tsu,2479,252,450,3181
ttc,2479,252,450,3181
ttec,2479,252,450,3181
ttek,2479,252,450,3181
ttf,2478,252,450,3180
ttgt,1921,252,450,2623
tti,2479,252,450,3181
ttm,2479,252,450,3181
ttmi,2479,252,450,3181
ttnp,4657,252,449,5358
ttp,796,252,450,1498
ttph,451,252,450,1153
tts,586,252,450,1288
ttwo,2479,252,450,3181
tu,2479,252,450,3181
tues,2479,252,450,3181
tup,2479,252,450,3181
turn,2479,252,450,3181
tv,2479,252,450,3181
tvc,1097,252,450,1799
tve,1097,252,450,1799
tvty,2479,252,450,3181
twi,2479,252,450,3181
twin,2470,252,450,3172
twmc,2447,241,439,3127
twn,2477,249,439,3165
two,1299,252,450,2001
twtr,289,252,450,991
twx,5733,252,450,6435
tx,2245,252,450,2947
txmd,874,252,450,1576
txn,8319,252,450,9021
txrh,2479,252,450,3181
txt,7608,252,450,8310
ty,2479,252,450,3181
ty_,2073,176,271,2520
tyg,2479,252,450,3181
tyl,2479,252,450,3181
type,1874,252,450,2576
tzoo,2479,252,450,3181
uaa,2294,252,450,2996
ual,2250,252,450,2952
uamy,1948,251,449,2648
uan,935,252,450,1637
uba,2479,252,450,3181
ubcp,2222,235,417,2874
ubfo,2375,242,445,3062
ubnk,2360,252,450,3062
ubnt,804,252,450,1506
uboh,1970,226,379,2575
ubp,2387,244,401,3032
ubsh,2479,252,450,3181
ubsi,2479,252,450,3181
ucba,1568,198,368,2134
ucbi,869,252,450,1571
ucfc,2476,252,450,3178
uctt,2478,252,450,3180
udr,2479,252,450,3181
uec,2232,252,450,2934
ueic,2479,252,450,3181
ueps,2479,252,450,3181
ufcs,2479,252,450,3181
ufi,2479,252,450,3181
ufpi,2479,252,450,3181
ufpt,2476,252,450,3178
ufs,2479,252,450,3181
ug,2342,247,442,3031
ugi,2479,252,450,3181
ugp,2479,252,450,3181
uhal,2479,252,450,3181
uhs,2479,252,450,3181
uht,2479,252,450,3181
uihc,521,252,450,1223
uis,9585,252,450,10287
ul,2479,252,450,3181
ulbi,2476,251,450,3177
ulh,2479,252,450,3181
ulta,1809,252,450,2511
ulti,2479,252,450,3181
umbf,2479,252,450,3181
umc,2479,252,450,3181
umh,2478,252,450,3180
umpq,2479,252,450,3181
un,2479,252,450,3181
unam,2004,197,278,2479
unb,1999,227,445,2671
unf,2479,252,450,3181
unfi,2479,252,450,3181
unh,6242,252,450,6944
unm,7095,252,450,7797
unp,8827,252,450,9529
unt,2479,252,450,3181
unty,2127,240,445,2812
uone,2302,218,342,2862
uonek,2476,252,450,3178
ups,3805,252,450,4507
uqm,2479,252,450,3181
urbn,2479,252,450,3181
urg,2240,252,450,2942
uri,2479,252,450,3181
usa,2479,252,450,3181
usac,495,252,450,1197
usak,2475,252,450,3177
usap,2479,252,450,3181
usat,2479,252,450,3181
usau,2453,250,449,3152
usb,6833,252,450,7535
usb_a,500,66,205,771
usb_h,1097,252,450,1799
usb_m,735,252,450,1437
usb_o,418,252,450,1120
uscr,965,252,450,1667
useg,2479,252,449,3180
usg,2479,252,450,3181
uslm,2463,252,450,3165
usm,2479,252,450,3181
usna,2479,252,450,3181
usph,2479,252,450,3181
usrt,1907,252,450,2609
utf,2680,252,450,3382
utg,2479,252,450,3181
uthr,2479,252,450,3181
uti,2479,252,450,3181
utl,2475,252,450,3177
utmd,2404,251,448,3103
utsi,2479,252,450,3181
utx,11350,252,450,12052
uuu,2311,235,384,2930
uuuu,271,252,450,973
uve,2330,252,450,3032
uvsp,2479,252,450,3181
uvv,2479,252,450,3181
uwn,2470,252,450,3172
uza,912,252,450,1614
v,1710,252,450,2412
vac,779,252,450,1481
vale,2479,252,450,3181
valu,2442,216,405,3063
var,2479,252,450,3181
vbf,2479,252,450,3181
vbfc,1845,150,196,2191
vbiv,1059,252,450,1761
vc,1068,252,450,1770
vcel,2479,252,450,3181
vcf,2431,252,442,3125
vco,2398,248,430,3076
vcra,695,252,450,1397
vcv,2478,252,450,3180
vcyt,295,252,450,997
vdsi,2479,252,450,3181
veco,2479,252,450,3181
vedl,332,252,450,1034
veev,305,252,450,1007
veon,1186,252,450,1888
ver,832,252,450,1534
veru,2440,252,449,3141
vet,457,252,450,1159
vfc,7435,252,450,8137
vfl,2384,251,448,3083
vg,2167,252,450,2869
vgi,718,252,450,1420
vgm,2479,252,450,3181
vgr,2479,252,450,3181
vgz,2479,252,450,3181
vhc,2150,252,450,2852
vhi,2479,252,450,3181
via,2283,252,450,2985
viab,773,252,450,1475
viav,5318,252,450,6020
vicl,2479,252,450,3181
vicr,2479,252,450,3181
vii,2204,250,447,2901
vips,698,252,450,1400
virc,2285,248,447,2980
viv,2479,252,450,3181
vive,1063,211,439,1713
vivo,2479,252,450,3181
vjet,303,252,449,1004
vki,2479,252,450,3181
vkq,2479,252,450,3181
vlgea,2418,252,450,3120
vlo,2479,252,450,3181
vlp,266,252,450,968
vlrs,325,252,450,1027
vlt,2479,252,450,3181
vly,2479,252,450,3181
vly-ws,686,85,236,1007
vmc,6799,252,450,7501
vmi,2479,252,450,3181
vmm,2476,252,450,3178
vmo,2479,252,450,3181
vmw,1860,252,450,2562
vnce,278,252,450,980
vnda,2195,252,450,2897
vnet,927,252,450,1629
vno,2479,252,450,3181
vno_g,1097,252,449,1798
vno_i,1097,252,450,1799
vno_k,615,252,450,1317
vno_l,481,252,450,1183
vnrx,454,251,450,1155
vntv,699,252,450,1401
voc,919,252,450,1621
vod,2479,252,450,3181
voxx,2479,252,450,3181
voya,421,252,450,1123
vpg,1139,252,450,1841
vpv,2468,252,450,3170
vr,1874,252,450,2576
vra,1053,252,450,1755
vrml,1241,252,450,1943
vrnt,2479,252,450,3181
vrsk,1318,252,450,2020
vrsn,4255,252,450,4957
vrts,1509,252,450,2211
vrtu,1867,252,450,2569
vrtx,2478,251,450,3179
vrx,2479,252,450,3181
vsat,2479,252,450,3181
vsec,2471,252,450,3173
vsh,2479,252,450,3181
vsi,1303,252,450,2005
vstm,732,252,450,1434
vta,1892,252,450,2594
vtn,2479,252,450,3181
vtnr,474,252,450,1176
vtr,2479,252,450,3181
vtrb,458,252,450,1160
vvc,2479,252,450,3181
vvi,2479,252,450,3181
vvr,2479,252,450,3181
vvus,2478,252,450,3180
vz,7842,252,450,8544
wab,2479,252,450,3181
wabc,2479,252,450,3181
wac,2477,252,450,3179
wafd,2479,252,450,3181
wage,665,252,450,1367
wair,861,252,450,1563
wal,2393,252,450,3095
wash,2479,252,450,3181
wat,4809,252,450,5511
wayn,1712,201,342,2255
wba,7435,252,450,8137
wbai,278,252,450,980
wbbw,409,229,361,999
wbc,1879,252,450,2581
wbk,2476,249,450,3175
wbkc,633,142,313,1088
wbs,2479,252,449,3180
wbs_e,521,250,445,1216
wcc,2479,252,450,3181
wcg,2479,252,450,3181
wcn,1877,252,450,2579
wd,1015,252,450,1717
wday,557,252,450,1259
wdc,2479,252,450,3181
wdfc,2479,252,450,3181
wdr,2479,252,450,3181
wea,2479,252,450,3181
web,2306,252,450,3008
webk,513,162,355,1030
wec,7601,252,450,8303
wen,8001,252,450,8703
wern,2479,252,450,3181
wes,1674,252,450,2376
wetf,864,252,450,1566
wex,2479,252,450,3181
weys,2479,251,450,3180
wf,2463,252,450,3165
wfbi,415,220,450,1085
wfc,7601,252,450,8303
wfc-ws,1097,252,450,1799
wfc_j,1097,252,450,1799
wfc_l,1083,243,446,1772
wfc_n,596,252,450,1298
wfc_o,531,252,450,1233
wfc_p,448,252,450,1150
wfc_q,365,252,450,1067
wfc_r,260,252,450,962
wft,2479,252,450,3181
wg,2479,252,450,3181
wgl,2479,252,450,3181
wgo,2479,252,450,3181
wgp,520,252,450,1222
whf,522,252,450,1224
whfbl,336,210,338,884
whg,2450,252,450,3152
whlr,527,252,450,1229
whr,7955,252,450,8657
wia,2479,252,450,3181
wifi,920,252,450,1622
wilc,2449,246,393,3088
win,2479,252,450,3181
wina,2263,252,449,2964
wire,2479,252,450,3181
wit,2479,252,450,3181
wiw,2479,252,450,3181
wix,290,252,450,992
wlb,2479,252,450,3181
wldn,1884,252,450,2586
wlfc,2432,252,450,3134
wlh,489,252,450,1191
wlk,2479,252,450,3181
wll,2479,252,450,3181
wltw,2479,252,450,3181
wm,2479,252,450,3181
wmb,8318,252,450,9020
wmc,665,252,450,1367
wmgi,981,252,450,1683
wmgiz,454,219,301,974
wmk,2479,252,450,3181
wmlp,1125,249,439,1813
wmt,10721,252,450,11423
wnc,2479,252,450,3181
wneb,2478,252,450,3180
wnrl,309,252,441,1002
wns,2117,252,450,2819
wor,6238,252,450,6940
wpc,2479,252,450,3181
wpcs,2442,252,448,3142
wpm,2475,252,450,3177
wppgy,2479,252,450,3181
wprt,2172,252,450,2874
wpx,752,252,450,1454
wpz,2359,252,450,3061
wr,2479,252,450,3181
wrb,2479,252,450,3181
wrb_b,418,252,450,1120
wre,2479,252,450,3181
wri,2479,252,450,3181
wrld,2479,252,450,3181
wrn,2090,249,450,2789
wsbc,2479,252,450,3181
wsbf,2318,252,450,3020
wsci,2460,249,429,3138
wsfs,2479,252,450,3181
wsm,2479,252,450,3181
wso,2479,252,450,3181
wsr,1092,252,450,1794
wst,2479,252,450,3181
wstg,2476,250,449,3175
wstl,2479,252,450,3181
wtba,2478,252,450,3180
wtfc,2479,252,450,3181
wti,2479,252,450,3181
wtm,2479,252,450,3181
wtr,2479,252,450,3181
wts,2479,252,450,3181
wtt,2474,252,446,3172
wtw,2479,252,450,3181
wu,2084,252,450,2786
wuba,294,252,450,996
wvfc,1302,181,272,1755
wvvi,2402,251,450,3103
wwd,2480,252,450,3182
wwe,2479,252,450,3181
wwr,2479,252,450,3181
www,2479,252,450,3181
wy,9582,252,450,10284
wyn,2128,252,450,2830
wynn,2479,252,450,3181
wyy,2470,252,450,3172
x,5975,252,450,6677
xbks,905,252,450,1607
xco,2239,252,450,2941
xcra,2480,252,450,3182
xec,2479,252,450,3181
xel,3613,252,450,4315
xgti,367,252,449,1068
xin,1776,252,450,2478
xl,4115,252,450,4817
xlnx,6183,252,450,6885
xlrn,324,252,450,1026
xncr,272,252,450,974
xntk,2475,252,450,3177
xny,1028,241,407,1676
xom,11352,252,450,12054
xoma,2480,252,450,3182
xon,353,252,450,1055
xone,479,252,450,1181
xoxo,883,252,450,1585
xper,2479,252,450,3181
xpl,2256,252,450,2958
xplr,531,250,450,1231
xpo,2475,252,450,3177
xray,5960,252,450,6662
xrm,2423,252,450,3125
xrx,9585,252,450,10287
xtlb,298,203,363,864
xtnt,962,252,450,1664
xxii,854,252,450,1556
xyl,794,252,450,1496
y,2479,252,450,3181
yelp,713,252,450,1415
yge,1906,252,450,2608
yndx,906,252,450,1608
yorw,2478,252,450,3180
ypf,2478,252,450,3180
yrcw,752,252,450,1454
yten,2048,252,450,2750
yum,4350,252,450,5052
yuma,2385,252,450,3087
yume,354,252,450,1056
yy,531,252,450,1233
zagg,1859,252,450,2561
zais,361,220,449,1030
zb_a,1078,241,423,1742
zb_g,477,252,450,1179
zb_h,418,250,449,1117
zbh,3370,252,450,4072
zbk,307,250,420,977
zbra,2479,252,450,3181
zeus,2479,252,450,3181
zf,2479,252,450,3181
zg,868,252,450,1570
zgnx,1029,252,450,1731
zion,6206,252,450,6908
zionw,1002,208,401,1611
ziop,2244,252,450,2946
zixi,2479,252,450,3181
zn,2013,252,450,2715
znga,762,252,450,1464
znh,2459,252,448,3159
ztr,2479,252,450,3181
zts,483,252,450,1185
zumz,2431,252,450,3133
zx,913,251,436,1600
